pollster_id,pollster,numeric_grade,methodology,state,start_date,end_date,sample_size,pct,party,answer
1102,Emerson,2.9,IVR/Online Panel/Text-to-Web,,2024-10-23,10/24/24,1000,49.3,DEM,Harris
1102,Emerson,2.9,IVR/Online Panel/Text-to-Web,,2024-10-23,10/24/24,1000,49.3,REP,Trump
1102,Emerson,2.9,Online Panel/Text-to-Web,New Hampshire,2024-10-21,10/23/24,915,50.9,DEM,Harris
1102,Emerson,2.9,Online Panel/Text-to-Web,New Hampshire,2024-10-21,10/23/24,915,47.2,REP,Trump
1424,Siena/NYT,3,Live Phone,,2024-10-20,10/23/24,2516,47,DEM,Harris
1424,Siena/NYT,3,Live Phone,,2024-10-20,10/23/24,2516,47,REP,Trump
1424,Siena/NYT,3,Live Phone,,2024-10-20,10/23/24,2516,45,DEM,Harris
1424,Siena/NYT,3,Live Phone,,2024-10-20,10/23/24,2516,46,REP,Trump
1424,Siena/NYT,3,Live Phone,,2024-10-20,10/23/24,2516,48,DEM,Harris
1424,Siena/NYT,3,Live Phone,,2024-10-20,10/23/24,2516,48,REP,Trump
1424,Siena/NYT,3,Live Phone,,2024-10-20,10/23/24,2516,46,DEM,Harris
1424,Siena/NYT,3,Live Phone,,2024-10-20,10/23/24,2516,47,REP,Trump
1866,CNN/SSRS,2.8,Probability Panel,,2024-10-20,10/23/24,1704,47,DEM,Harris
1866,CNN/SSRS,2.8,Probability Panel,,2024-10-20,10/23/24,1704,47,REP,Trump
1866,CNN/SSRS,2.8,Probability Panel,,2024-10-20,10/23/24,1704,47,DEM,Harris
1866,CNN/SSRS,2.8,Probability Panel,,2024-10-20,10/23/24,1704,46,REP,Trump
1102,Emerson,2.9,Online Panel/Text-to-Web,Pennsylvania,2024-10-21,10/22/24,860,49,DEM,Harris
1102,Emerson,2.9,Online Panel/Text-to-Web,Pennsylvania,2024-10-21,10/22/24,860,50.7,REP,Trump
1102,Emerson,2.9,Online Panel/Text-to-Web,North Carolina,2024-10-21,10/22/24,950,48.2,DEM,Harris
1102,Emerson,2.9,Online Panel/Text-to-Web,North Carolina,2024-10-21,10/22/24,950,50.2,REP,Trump
1102,Emerson,2.9,Online Panel/Text-to-Web,Wisconsin,2024-10-21,10/22/24,800,49.2,DEM,Harris
1102,Emerson,2.9,Online Panel/Text-to-Web,Wisconsin,2024-10-21,10/22/24,800,49.9,REP,Trump
568,YouGov,3,Online Panel,,2024-10-19,10/22/24,1422,48,DEM,Harris
568,YouGov,3,Online Panel,,2024-10-19,10/22/24,1422,46,REP,Trump
568,YouGov,3,Online Panel,,2024-10-19,10/22/24,1293,49,DEM,Harris
568,YouGov,3,Online Panel,,2024-10-19,10/22/24,1293,46,REP,Trump
1102,Emerson,2.9,IVR/Online Panel/Text-to-Web,South Dakota,2024-10-19,10/22/24,825,36.5,DEM,Harris
1102,Emerson,2.9,IVR/Online Panel/Text-to-Web,South Dakota,2024-10-19,10/22/24,825,62,REP,Trump
1205,Marist,2.9,Live Phone/Online Panel/Text-to-Web,Georgia,2024-10-17,10/22/24,1356,49,DEM,Harris
1205,Marist,2.9,Live Phone/Online Panel/Text-to-Web,Georgia,2024-10-17,10/22/24,1356,48,REP,Trump
1205,Marist,2.9,Live Phone/Online Panel/Text-to-Web,Georgia,2024-10-17,10/22/24,1193,49,DEM,Harris
1205,Marist,2.9,Live Phone/Online Panel/Text-to-Web,Georgia,2024-10-17,10/22/24,1193,49,REP,Trump
1205,Marist,2.9,Live Phone/Online Panel/Text-to-Web,North Carolina,2024-10-17,10/22/24,1410,48,DEM,Harris
1205,Marist,2.9,Live Phone/Online Panel/Text-to-Web,North Carolina,2024-10-17,10/22/24,1410,49,REP,Trump
1205,Marist,2.9,Live Phone/Online Panel/Text-to-Web,North Carolina,2024-10-17,10/22/24,1226,48,DEM,Harris
1205,Marist,2.9,Live Phone/Online Panel/Text-to-Web,North Carolina,2024-10-17,10/22/24,1226,50,REP,Trump
1205,Marist,2.9,Live Phone/Online Panel/Text-to-Web,Arizona,2024-10-17,10/22/24,1329,49,DEM,Harris
1205,Marist,2.9,Live Phone/Online Panel/Text-to-Web,Arizona,2024-10-17,10/22/24,1329,49,REP,Trump
1205,Marist,2.9,Live Phone/Online Panel/Text-to-Web,Arizona,2024-10-17,10/22/24,1193,49,DEM,Harris
1205,Marist,2.9,Live Phone/Online Panel/Text-to-Web,Arizona,2024-10-17,10/22/24,1193,50,REP,Trump
1102,Emerson,2.9,Online Panel/Text-to-Web,Maryland,2024-10-19,10/21/24,865,64,DEM,Harris
1102,Emerson,2.9,Online Panel/Text-to-Web,Maryland,2024-10-19,10/21/24,865,34.4,REP,Trump
568,YouGov,3,Online Panel,,2024-10-18,10/21/24,1266,47,DEM,Harris
568,YouGov,3,Online Panel,,2024-10-18,10/21/24,1266,45,REP,Trump
568,YouGov,3,Online Panel,,2024-10-18,10/21/24,1189,48,DEM,Harris
568,YouGov,3,Online Panel,,2024-10-18,10/21/24,1189,45,REP,Trump
1102,Emerson,2.9,IVR/Online Panel/Text-to-Web,Texas,2024-10-18,10/21/24,815,45.9,DEM,Harris
1102,Emerson,2.9,IVR/Online Panel/Text-to-Web,Texas,2024-10-18,10/21/24,815,53.1,REP,Trump
320,Monmouth,2.9,Live Phone/Text-to-Web,,2024-10-17,10/21/24,802,47,DEM,Harris
320,Monmouth,2.9,Live Phone/Text-to-Web,,2024-10-17,10/21/24,802,44,REP,Trump
396,Quinnipiac,2.8,Live Phone,Michigan,2024-10-17,10/21/24,1136,49,DEM,Harris
396,Quinnipiac,2.8,Live Phone,Michigan,2024-10-17,10/21/24,1136,46,REP,Trump
396,Quinnipiac,2.8,Live Phone,Michigan,2024-10-17,10/21/24,1136,50,DEM,Harris
396,Quinnipiac,2.8,Live Phone,Michigan,2024-10-17,10/21/24,1136,46,REP,Trump
396,Quinnipiac,2.8,Live Phone,Wisconsin,2024-10-17,10/21/24,1108,48,DEM,Harris
396,Quinnipiac,2.8,Live Phone,Wisconsin,2024-10-17,10/21/24,1108,48,REP,Trump
396,Quinnipiac,2.8,Live Phone,Wisconsin,2024-10-17,10/21/24,1108,48,DEM,Harris
396,Quinnipiac,2.8,Live Phone,Wisconsin,2024-10-17,10/21/24,1108,48,REP,Trump
241,Ipsos,2.8,Probability Panel,,2024-10-16,10/21/24,3481,46,DEM,Harris
241,Ipsos,2.8,Probability Panel,,2024-10-16,10/21/24,3481,43,REP,Trump
241,Ipsos,2.8,Probability Panel,,2024-10-16,10/21/24,3307,48,DEM,Harris
241,Ipsos,2.8,Probability Panel,,2024-10-16,10/21/24,3307,45,REP,Trump
241,Ipsos,2.8,Probability Panel,,2024-10-16,10/21/24,4129,41,DEM,Harris
241,Ipsos,2.8,Probability Panel,,2024-10-16,10/21/24,4129,39,REP,Trump
241,Ipsos,2.8,Probability Panel,,2024-10-16,10/21/24,4129,41,DEM,Harris
241,Ipsos,2.8,Probability Panel,,2024-10-16,10/21/24,4129,39,REP,Trump
241,Ipsos,2.8,Probability Panel,,2024-10-16,10/21/24,3481,45,DEM,Harris
241,Ipsos,2.8,Probability Panel,,2024-10-16,10/21/24,3481,43,REP,Trump
241,Ipsos,2.8,Probability Panel,,2024-10-16,10/21/24,3307,47,DEM,Harris
241,Ipsos,2.8,Probability Panel,,2024-10-16,10/21/24,3307,45,REP,Trump
1102,Emerson,2.9,IVR/Online Panel/Text-to-Web,Florida,2024-10-18,10/20/24,860,45.9,DEM,Harris
1102,Emerson,2.9,IVR/Online Panel/Text-to-Web,Florida,2024-10-18,10/20/24,860,53.6,REP,Trump
1050,SurveyUSA/High Point University,2.8,Online Panel,North Carolina,2024-10-17,10/20/24,1164,47,DEM,Harris
1050,SurveyUSA/High Point University,2.8,Online Panel,North Carolina,2024-10-17,10/20/24,1164,46,REP,Trump
458,Suffolk,2.9,Live Phone,,2024-10-14,10/18/24,1000,45.3,DEM,Harris
458,Suffolk,2.9,Live Phone,,2024-10-14,10/18/24,1000,44.4,REP,Trump
458,Suffolk,2.9,Live Phone,,2024-10-14,10/18/24,1000,49.7,DEM,Harris
458,Suffolk,2.9,Live Phone,,2024-10-14,10/18/24,1000,48.7,REP,Trump
509,U. North Florida,2.8,Live Phone,Florida,2024-10-07,10/18/24,977,43,DEM,Harris
509,U. North Florida,2.8,Live Phone,Florida,2024-10-07,10/18/24,977,53,REP,Trump
1102,Emerson,2.9,IVR/Online Panel/Text-to-Web,,2024-10-14,10/16/24,1000,49.5,DEM,Harris
1102,Emerson,2.9,IVR/Online Panel/Text-to-Web,,2024-10-14,10/16/24,1000,49.2,REP,Trump
568,YouGov,3,Online Panel,Arizona,2024-10-11,10/16/24,1435,48,DEM,Harris
568,YouGov,3,Online Panel,Arizona,2024-10-11,10/16/24,1435,51,REP,Trump
568,YouGov,3,Online Panel,,2024-10-12,10/15/24,1457,48,DEM,Harris
568,YouGov,3,Online Panel,,2024-10-12,10/15/24,1457,45,REP,Trump
568,YouGov,3,Online Panel,,2024-10-12,10/15/24,1314,49,DEM,Harris
568,YouGov,3,Online Panel,,2024-10-12,10/15/24,1314,45,REP,Trump
1102,Emerson,2.9,IVR/Online Panel,California,2024-10-12,10/14/24,1000,61,DEM,Harris
1102,Emerson,2.9,IVR/Online Panel,California,2024-10-12,10/14/24,1000,36.6,REP,Trump
1597,Beacon/Shaw,2.8,Live Phone/Text-to-Web,,2024-10-11,10/14/24,1110,48,DEM,Harris
1597,Beacon/Shaw,2.8,Live Phone/Text-to-Web,,2024-10-11,10/14/24,1110,50,REP,Trump
1597,Beacon/Shaw,2.8,Live Phone/Text-to-Web,,2024-10-11,10/14/24,870,48,DEM,Harris
1597,Beacon/Shaw,2.8,Live Phone/Text-to-Web,,2024-10-11,10/14/24,870,50,REP,Trump
396,Quinnipiac,2.8,Live Phone,Georgia,2024-10-10,10/14/24,1328,45,DEM,Harris
396,Quinnipiac,2.8,Live Phone,Georgia,2024-10-10,10/14/24,1328,52,REP,Trump
396,Quinnipiac,2.8,Live Phone,Georgia,2024-10-10,10/14/24,1328,46,DEM,Harris
396,Quinnipiac,2.8,Live Phone,Georgia,2024-10-10,10/14/24,1328,52,REP,Trump
396,Quinnipiac,2.8,Live Phone,North Carolina,2024-10-10,10/14/24,1031,49,DEM,Harris
396,Quinnipiac,2.8,Live Phone,North Carolina,2024-10-10,10/14/24,1031,47,REP,Trump
396,Quinnipiac,2.8,Live Phone,North Carolina,2024-10-10,10/14/24,1031,50,DEM,Harris
396,Quinnipiac,2.8,Live Phone,North Carolina,2024-10-10,10/14/24,1031,47,REP,Trump
460,SurveyUSA,2.8,Online Panel,Washington,2024-10-09,10/14/24,703,57,DEM,Harris
460,SurveyUSA,2.8,Online Panel,Washington,2024-10-09,10/14/24,703,35,REP,Trump
241,Ipsos,2.8,Probability Panel,,2024-10-11,10/13/24,807,45,DEM,Harris
241,Ipsos,2.8,Probability Panel,,2024-10-11,10/13/24,807,42,REP,Trump
241,Ipsos,2.8,Probability Panel,,2024-10-11,10/13/24,769,47,DEM,Harris
241,Ipsos,2.8,Probability Panel,,2024-10-11,10/13/24,769,44,REP,Trump
241,Ipsos,2.8,Probability Panel,,2024-10-11,10/13/24,938,41,DEM,Harris
241,Ipsos,2.8,Probability Panel,,2024-10-11,10/13/24,938,37,REP,Trump
568,YouGov,3,Online Panel,,2024-10-08,10/11/24,2712,51,DEM,Harris
568,YouGov,3,Online Panel,,2024-10-08,10/11/24,2712,48,REP,Trump
1205,Marist,2.9,Online Panel/Text-to-Web,,2024-10-08,10/10/24,1401,52,DEM,Harris
1205,Marist,2.9,Online Panel/Text-to-Web,,2024-10-08,10/10/24,1401,47,REP,Trump
1205,Marist,2.9,Online Panel/Text-to-Web,,2024-10-08,10/10/24,1708,51,DEM,Harris
1205,Marist,2.9,Online Panel/Text-to-Web,,2024-10-08,10/10/24,1708,48,REP,Trump
1424,Siena/NYT,3,Live Phone,Pennsylvania,2024-10-07,10/10/24,857,50,DEM,Harris
1424,Siena/NYT,3,Live Phone,Pennsylvania,2024-10-07,10/10/24,857,47,REP,Trump
1424,Siena/NYT,3,Live Phone,Pennsylvania,2024-10-07,10/10/24,857,49,DEM,Harris
1424,Siena/NYT,3,Live Phone,Pennsylvania,2024-10-07,10/10/24,857,45,REP,Trump
1424,Siena/NYT,3,Live Phone,Pennsylvania,2024-10-07,10/10/24,857,50,DEM,Harris
1424,Siena/NYT,3,Live Phone,Pennsylvania,2024-10-07,10/10/24,857,47,REP,Trump
1424,Siena/NYT,3,Live Phone,Pennsylvania,2024-10-07,10/10/24,857,49,DEM,Harris
1424,Siena/NYT,3,Live Phone,Pennsylvania,2024-10-07,10/10/24,857,45,REP,Trump
1424,Siena/NYT,3,Live Phone,Arizona,2024-10-07,10/10/24,808,46,DEM,Harris
1424,Siena/NYT,3,Live Phone,Arizona,2024-10-07,10/10/24,808,51,REP,Trump
1424,Siena/NYT,3,Live Phone,Arizona,2024-10-07,10/10/24,808,45,DEM,Harris
1424,Siena/NYT,3,Live Phone,Arizona,2024-10-07,10/10/24,808,50,REP,Trump
1424,Siena/NYT,3,Live Phone,Arizona,2024-10-07,10/10/24,808,45,DEM,Harris
1424,Siena/NYT,3,Live Phone,Arizona,2024-10-07,10/10/24,808,51,REP,Trump
1424,Siena/NYT,3,Live Phone,Arizona,2024-10-07,10/10/24,808,44,DEM,Harris
1424,Siena/NYT,3,Live Phone,Arizona,2024-10-07,10/10/24,808,49,REP,Trump
1847,University of Massachusetts Lowell/YouGov,2.9,Online Panel,New Hampshire,2024-10-02,10/10/24,600,50,DEM,Harris
1847,University of Massachusetts Lowell/YouGov,2.9,Online Panel,New Hampshire,2024-10-02,10/10/24,600,41,REP,Trump
568,YouGov,3,Online Panel,Texas,2024-10-02,10/10/24,1091,46,DEM,Harris
568,YouGov,3,Online Panel,Texas,2024-10-02,10/10/24,1091,51,REP,Trump
1075,Marquette Law School,3,Probability Panel,,2024-10-01,10/10/24,780,50,DEM,Harris
1075,Marquette Law School,3,Probability Panel,,2024-10-01,10/10/24,780,50,REP,Trump
1075,Marquette Law School,3,Probability Panel,,2024-10-01,10/10/24,780,43,DEM,Harris
1075,Marquette Law School,3,Probability Panel,,2024-10-01,10/10/24,780,39,REP,Trump
1075,Marquette Law School,3,Probability Panel,,2024-10-01,10/10/24,652,50,DEM,Harris
1075,Marquette Law School,3,Probability Panel,,2024-10-01,10/10/24,652,50,REP,Trump
1075,Marquette Law School,3,Probability Panel,,2024-10-01,10/10/24,652,44,DEM,Harris
1075,Marquette Law School,3,Probability Panel,,2024-10-01,10/10/24,652,41,REP,Trump
1847,University of Massachusetts Lowell/YouGov,2.9,Online Panel,Pennsylvania,2024-10-02,10/9/24,800,46,DEM,Harris
1847,University of Massachusetts Lowell/YouGov,2.9,Online Panel,Pennsylvania,2024-10-02,10/9/24,800,45,REP,Trump
1102,Emerson,2.9,IVR/Online Panel/Text-to-Web,Arizona,2024-10-05,10/8/24,1000,48.2,DEM,Harris
1102,Emerson,2.9,IVR/Online Panel/Text-to-Web,Arizona,2024-10-05,10/8/24,1000,50.5,REP,Trump
1102,Emerson,2.9,IVR/Online Panel/Text-to-Web,Georgia,2024-10-05,10/8/24,1000,49.8,DEM,Harris
1102,Emerson,2.9,IVR/Online Panel/Text-to-Web,Georgia,2024-10-05,10/8/24,1000,49.7,REP,Trump
1102,Emerson,2.9,IVR/Online Panel/Text-to-Web,Michigan,2024-10-05,10/8/24,950,49.7,DEM,Harris
1102,Emerson,2.9,IVR/Online Panel/Text-to-Web,Michigan,2024-10-05,10/8/24,950,49.6,REP,Trump
1102,Emerson,2.9,IVR/Online Panel/Text-to-Web,Nevada,2024-10-05,10/8/24,900,49.2,DEM,Harris
1102,Emerson,2.9,IVR/Online Panel/Text-to-Web,Nevada,2024-10-05,10/8/24,900,48.1,REP,Trump
1102,Emerson,2.9,IVR/Online Panel/Text-to-Web,North Carolina,2024-10-05,10/8/24,1000,49,DEM,Harris
1102,Emerson,2.9,IVR/Online Panel/Text-to-Web,North Carolina,2024-10-05,10/8/24,1000,49.9,REP,Trump
1102,Emerson,2.9,IVR/Online Panel/Text-to-Web,Pennsylvania,2024-10-05,10/8/24,1000,49,DEM,Harris
1102,Emerson,2.9,IVR/Online Panel/Text-to-Web,Pennsylvania,2024-10-05,10/8/24,1000,49.7,REP,Trump
1102,Emerson,2.9,IVR/Online Panel/Text-to-Web,Wisconsin,2024-10-05,10/8/24,1000,49.2,DEM,Harris
1102,Emerson,2.9,IVR/Online Panel/Text-to-Web,Wisconsin,2024-10-05,10/8/24,1000,49.9,REP,Trump
1424,Siena/NYT,3,Live Phone,Montana,2024-10-05,10/8/24,656,39,DEM,Harris
1424,Siena/NYT,3,Live Phone,Montana,2024-10-05,10/8/24,656,57,REP,Trump
1424,Siena/NYT,3,Live Phone,Montana,2024-10-05,10/8/24,656,38,DEM,Harris
1424,Siena/NYT,3,Live Phone,Montana,2024-10-05,10/8/24,656,56,REP,Trump
1424,Siena/NYT,3,Live Phone,Montana,2024-10-05,10/8/24,656,40,DEM,Harris
1424,Siena/NYT,3,Live Phone,Montana,2024-10-05,10/8/24,656,57,REP,Trump
1424,Siena/NYT,3,Live Phone,Montana,2024-10-05,10/8/24,656,39,DEM,Harris
1424,Siena/NYT,3,Live Phone,Montana,2024-10-05,10/8/24,656,56,REP,Trump
241,Ipsos,2.8,Probability Panel,,2024-10-04,10/8/24,2631,49,DEM,Harris
241,Ipsos,2.8,Probability Panel,,2024-10-04,10/8/24,2631,48,REP,Trump
241,Ipsos,2.8,Probability Panel,,2024-10-04,10/8/24,2226,49,DEM,Harris
241,Ipsos,2.8,Probability Panel,,2024-10-04,10/8/24,2226,47,REP,Trump
241,Ipsos,2.8,Probability Panel,,2024-10-04,10/8/24,1714,50,DEM,Harris
241,Ipsos,2.8,Probability Panel,,2024-10-04,10/8/24,1714,48,REP,Trump
241,Ipsos,2.8,Probability Panel,,2024-10-04,10/8/24,2631,50,DEM,Harris
241,Ipsos,2.8,Probability Panel,,2024-10-04,10/8/24,2631,49,REP,Trump
241,Ipsos,2.8,Probability Panel,,2024-10-04,10/8/24,2226,50,DEM,Harris
241,Ipsos,2.8,Probability Panel,,2024-10-04,10/8/24,2226,49,REP,Trump
241,Ipsos,2.8,Probability Panel,,2024-10-04,10/8/24,1714,51,DEM,Harris
241,Ipsos,2.8,Probability Panel,,2024-10-04,10/8/24,1714,48,REP,Trump
568,YouGov,3,Online Panel,,2024-10-06,10/7/24,1414,47,DEM,Harris
568,YouGov,3,Online Panel,,2024-10-06,10/7/24,1414,44,REP,Trump
568,YouGov,3,Online Panel,,2024-10-06,10/7/24,1230,49,DEM,Harris
568,YouGov,3,Online Panel,,2024-10-06,10/7/24,1230,45,REP,Trump
241,Ipsos,2.8,Probability Panel,,2024-10-04,10/7/24,1272,42,DEM,Harris
241,Ipsos,2.8,Probability Panel,,2024-10-04,10/7/24,1272,38,REP,Trump
241,Ipsos,2.8,Probability Panel,,2024-10-04,10/7/24,1076,46,DEM,Harris
241,Ipsos,2.8,Probability Panel,,2024-10-04,10/7/24,1076,43,REP,Trump
241,Ipsos,2.8,Probability Panel,,2024-10-04,10/7/24,1076,47,DEM,Harris
241,Ipsos,2.8,Probability Panel,,2024-10-04,10/7/24,1076,45,REP,Trump
241,Ipsos,2.8,Probability Panel,,2024-10-04,10/7/24,1272,48,DEM,Harris
241,Ipsos,2.8,Probability Panel,,2024-10-04,10/7/24,1272,47,REP,Trump
241,Ipsos,2.8,Probability Panel,,2024-10-04,10/7/24,1076,50,DEM,Harris
241,Ipsos,2.8,Probability Panel,,2024-10-04,10/7/24,1076,48,REP,Trump
241,Ipsos,2.8,Probability Panel,,2024-10-04,10/7/24,1076,51,DEM,Harris
241,Ipsos,2.8,Probability Panel,,2024-10-04,10/7/24,1076,49,REP,Trump
396,Quinnipiac,2.8,Live Phone,Michigan,2024-10-03,10/7/24,1007,47,DEM,Harris
396,Quinnipiac,2.8,Live Phone,Michigan,2024-10-03,10/7/24,1007,50,REP,Trump
396,Quinnipiac,2.8,Live Phone,Michigan,2024-10-03,10/7/24,1007,47,DEM,Harris
396,Quinnipiac,2.8,Live Phone,Michigan,2024-10-03,10/7/24,1007,51,REP,Trump
396,Quinnipiac,2.8,Live Phone,Pennsylvania,2024-10-03,10/7/24,1412,49,DEM,Harris
396,Quinnipiac,2.8,Live Phone,Pennsylvania,2024-10-03,10/7/24,1412,46,REP,Trump
396,Quinnipiac,2.8,Live Phone,Pennsylvania,2024-10-03,10/7/24,1412,49,DEM,Harris
396,Quinnipiac,2.8,Live Phone,Pennsylvania,2024-10-03,10/7/24,1412,47,REP,Trump
396,Quinnipiac,2.8,Live Phone,Wisconsin,2024-10-03,10/7/24,1073,46,DEM,Harris
396,Quinnipiac,2.8,Live Phone,Wisconsin,2024-10-03,10/7/24,1073,48,REP,Trump
396,Quinnipiac,2.8,Live Phone,Wisconsin,2024-10-03,10/7/24,1073,47,DEM,Harris
396,Quinnipiac,2.8,Live Phone,Wisconsin,2024-10-03,10/7/24,1073,49,REP,Trump
1205,Marist,2.9,Live Phone/Online Panel/Text-to-Web,Florida,2024-10-03,10/7/24,1257,47,DEM,Harris
1205,Marist,2.9,Live Phone/Online Panel/Text-to-Web,Florida,2024-10-03,10/7/24,1257,51,REP,Trump
1205,Marist,2.9,Live Phone/Online Panel/Text-to-Web,Florida,2024-10-03,10/7/24,1410,47,DEM,Harris
1205,Marist,2.9,Live Phone/Online Panel/Text-to-Web,Florida,2024-10-03,10/7/24,1410,51,REP,Trump
1205,Marist,2.9,Live Phone/Online Panel/Text-to-Web,Texas,2024-10-03,10/7/24,1365,46,DEM,Harris
1205,Marist,2.9,Live Phone/Online Panel/Text-to-Web,Texas,2024-10-03,10/7/24,1365,52,REP,Trump
1205,Marist,2.9,Live Phone/Online Panel/Text-to-Web,Texas,2024-10-03,10/7/24,1186,46,DEM,Harris
1205,Marist,2.9,Live Phone/Online Panel/Text-to-Web,Texas,2024-10-03,10/7/24,1186,53,REP,Trump
1205,Marist,2.9,Live Phone/Online Panel/Text-to-Web,Ohio,2024-10-03,10/7/24,1511,46,DEM,Harris
1205,Marist,2.9,Live Phone/Online Panel/Text-to-Web,Ohio,2024-10-03,10/7/24,1511,52,REP,Trump
1205,Marist,2.9,Live Phone/Online Panel/Text-to-Web,Ohio,2024-10-03,10/7/24,1327,46,DEM,Harris
1205,Marist,2.9,Live Phone/Online Panel/Text-to-Web,Ohio,2024-10-03,10/7/24,1327,52,REP,Trump
486,The Washington Post,3,Live Phone/Text-to-Web,Ohio,2024-10-03,10/7/24,1002,45,DEM,Harris
486,The Washington Post,3,Live Phone/Text-to-Web,Ohio,2024-10-03,10/7/24,1002,51,REP,Trump
486,The Washington Post,3,Live Phone/Text-to-Web,Ohio,2024-10-03,10/7/24,1002,44,DEM,Harris
486,The Washington Post,3,Live Phone/Text-to-Web,Ohio,2024-10-03,10/7/24,1002,51,REP,Trump
1424,Siena/NYT,3,Live Phone,,2024-09-29,10/6/24,3385,49,DEM,Harris
1424,Siena/NYT,3,Live Phone,,2024-09-29,10/6/24,3385,46,REP,Trump
1424,Siena/NYT,3,Live Phone,,2024-09-29,10/6/24,3385,47,DEM,Harris
1424,Siena/NYT,3,Live Phone,,2024-09-29,10/6/24,3385,44,REP,Trump
1424,Siena/NYT,3,Live Phone,Florida,2024-09-29,10/6/24,622,41,DEM,Harris
1424,Siena/NYT,3,Live Phone,Florida,2024-09-29,10/6/24,622,55,REP,Trump
1424,Siena/NYT,3,Live Phone,Florida,2024-09-29,10/6/24,622,40,DEM,Harris
1424,Siena/NYT,3,Live Phone,Florida,2024-09-29,10/6/24,622,53,REP,Trump
1424,Siena/NYT,3,Live Phone,Florida,2024-09-29,10/6/24,622,41,DEM,Harris
1424,Siena/NYT,3,Live Phone,Florida,2024-09-29,10/6/24,622,54,REP,Trump
1424,Siena/NYT,3,Live Phone,Florida,2024-09-29,10/6/24,622,40,DEM,Harris
1424,Siena/NYT,3,Live Phone,Florida,2024-09-29,10/6/24,622,53,REP,Trump
458,Suffolk,2.9,Live Phone,Massachusetts,2024-10-01,10/5/24,500,61.2,DEM,Harris
458,Suffolk,2.9,Live Phone,Massachusetts,2024-10-01,10/5/24,500,32.2,REP,Trump
568,YouGov,3,Online Panel,,2024-10-02,10/4/24,1150,46,DEM,Harris
568,YouGov,3,Online Panel,,2024-10-02,10/4/24,1150,45,REP,Trump
568,YouGov,3,Online Panel,,2024-10-02,10/4/24,1032,47,DEM,Harris
568,YouGov,3,Online Panel,,2024-10-02,10/4/24,1032,47,REP,Trump
568,YouGov,3,Online Panel,,2024-10-02,10/4/24,1151,48,DEM,Harris
568,YouGov,3,Online Panel,,2024-10-02,10/4/24,1151,46,REP,Trump
568,YouGov,3,Online Panel,,2024-10-02,10/4/24,1033,48,DEM,Harris
568,YouGov,3,Online Panel,,2024-10-02,10/4/24,1033,47,REP,Trump
1424,Siena/NYT,3,Live Phone,Texas,2024-09-29,10/4/24,617,44,DEM,Harris
1424,Siena/NYT,3,Live Phone,Texas,2024-09-29,10/4/24,617,50,REP,Trump
1424,Siena/NYT,3,Live Phone,Texas,2024-09-29,10/4/24,617,42,DEM,Harris
1424,Siena/NYT,3,Live Phone,Texas,2024-09-29,10/4/24,617,49,REP,Trump
1424,Siena/NYT,3,Live Phone,Texas,2024-09-29,10/4/24,617,44,DEM,Harris
1424,Siena/NYT,3,Live Phone,Texas,2024-09-29,10/4/24,617,50,REP,Trump
1424,Siena/NYT,3,Live Phone,Texas,2024-09-29,10/4/24,617,41,DEM,Harris
1424,Siena/NYT,3,Live Phone,Texas,2024-09-29,10/4/24,617,48,REP,Trump
94,Christopher Newport U.,2.8,Live Phone,Virginia,2024-09-28,10/4/24,800,52,DEM,Harris
94,Christopher Newport U.,2.8,Live Phone,Virginia,2024-09-28,10/4/24,800,41,REP,Trump
1901,YouGov/Center for Working Class Politics,3,Online Panel,Pennsylvania,2024-09-24,10/2/24,1000,46.8,DEM,Harris
1901,YouGov/Center for Working Class Politics,3,Online Panel,Pennsylvania,2024-09-24,10/2/24,1000,44.7,REP,Trump
568,YouGov,3,Online Panel,,2024-09-29,10/1/24,1463,48,DEM,Harris
568,YouGov,3,Online Panel,,2024-09-29,10/1/24,1463,45,REP,Trump
568,YouGov,3,Online Panel,,2024-09-29,10/1/24,1261,49,DEM,Harris
568,YouGov,3,Online Panel,,2024-09-29,10/1/24,1261,46,REP,Trump
1102,Emerson,2.9,IVR/Online Panel/Text-to-Web,,2024-09-29,10/1/24,1000,50.2,DEM,Harris
1102,Emerson,2.9,IVR/Online Panel/Text-to-Web,,2024-09-29,10/1/24,1000,48.6,REP,Trump
1205,Marist,2.9,Live Phone/Online Panel/Text-to-Web,,2024-09-27,10/1/24,1294,50,DEM,Harris
1205,Marist,2.9,Live Phone/Online Panel/Text-to-Web,,2024-09-27,10/1/24,1294,48,REP,Trump
1205,Marist,2.9,Live Phone/Online Panel/Text-to-Web,,2024-09-27,10/1/24,1514,50,DEM,Harris
1205,Marist,2.9,Live Phone/Online Panel/Text-to-Web,,2024-09-27,10/1/24,1514,47,REP,Trump
486,The Washington Post,3,Live Phone/Text-to-Web,North Carolina,2024-09-25,9/29/24,1001,48,DEM,Harris
486,The Washington Post,3,Live Phone/Text-to-Web,North Carolina,2024-09-25,9/29/24,1001,50,REP,Trump
486,The Washington Post,3,Live Phone/Text-to-Web,North Carolina,2024-09-25,9/29/24,1001,47,DEM,Harris
486,The Washington Post,3,Live Phone/Text-to-Web,North Carolina,2024-09-25,9/29/24,1001,50,REP,Trump
396,Quinnipiac,2.8,Live Phone,North Carolina,2024-09-25,9/29/24,953,47,DEM,Harris
396,Quinnipiac,2.8,Live Phone,North Carolina,2024-09-25,9/29/24,953,49,REP,Trump
396,Quinnipiac,2.8,Live Phone,North Carolina,2024-09-25,9/29/24,953,48,DEM,Harris
396,Quinnipiac,2.8,Live Phone,North Carolina,2024-09-25,9/29/24,953,49,REP,Trump
396,Quinnipiac,2.8,Live Phone,Georgia,2024-09-25,9/29/24,942,44,DEM,Harris
396,Quinnipiac,2.8,Live Phone,Georgia,2024-09-25,9/29/24,942,50,REP,Trump
396,Quinnipiac,2.8,Live Phone,Georgia,2024-09-25,9/29/24,942,45,DEM,Harris
396,Quinnipiac,2.8,Live Phone,Georgia,2024-09-25,9/29/24,942,50,REP,Trump
1102,Emerson,2.9,Online Panel/Text-to-Web,Arizona,2024-09-27,9/28/24,920,47.6,DEM,Harris
1102,Emerson,2.9,Online Panel/Text-to-Web,Arizona,2024-09-27,9/28/24,920,51.7,REP,Trump
1102,Emerson,2.9,Online Panel/Text-to-Web,North Carolina,2024-09-27,9/28/24,850,49.1,DEM,Harris
1102,Emerson,2.9,Online Panel/Text-to-Web,North Carolina,2024-09-27,9/28/24,850,49.9,REP,Trump
1102,Emerson,2.9,Online Panel/Text-to-Web,Pennsylvania,2024-09-27,9/28/24,1000,49.3,DEM,Harris
1102,Emerson,2.9,Online Panel/Text-to-Web,Pennsylvania,2024-09-27,9/28/24,1000,48.8,REP,Trump
1700,McCourtney Institute/YouGov,3,Online Panel,,2024-09-23,9/27/24,848,48,DEM,Harris
1700,McCourtney Institute/YouGov,3,Online Panel,,2024-09-23,9/27/24,848,45,REP,Trump
1424,Siena/NYT,3,Live Phone,Nebraska CD-2,2024-09-24,9/26/24,680,51,DEM,Harris
1424,Siena/NYT,3,Live Phone,Nebraska CD-2,2024-09-24,9/26/24,680,42,REP,Trump
1424,Siena/NYT,3,Live Phone,Nebraska CD-2,2024-09-24,9/26/24,680,49,DEM,Harris
1424,Siena/NYT,3,Live Phone,Nebraska CD-2,2024-09-24,9/26/24,680,41,REP,Trump
1424,Siena/NYT,3,Live Phone,Nebraska CD-2,2024-09-24,9/26/24,680,52,DEM,Harris
1424,Siena/NYT,3,Live Phone,Nebraska CD-2,2024-09-24,9/26/24,680,43,REP,Trump
1424,Siena/NYT,3,Live Phone,Nebraska CD-2,2024-09-24,9/26/24,680,51,DEM,Harris
1424,Siena/NYT,3,Live Phone,Nebraska CD-2,2024-09-24,9/26/24,680,42,REP,Trump
460,SurveyUSA,2.8,Online Panel,Minnesota,2024-09-23,9/26/24,646,50,DEM,Harris
460,SurveyUSA,2.8,Online Panel,Minnesota,2024-09-23,9/26/24,646,44,REP,Trump
1424,Siena/NYT,3,Live Phone,Michigan,2024-09-21,9/26/24,688,45,DEM,Harris
1424,Siena/NYT,3,Live Phone,Michigan,2024-09-21,9/26/24,688,47,REP,Trump
1424,Siena/NYT,3,Live Phone,Michigan,2024-09-21,9/26/24,688,43,DEM,Harris
1424,Siena/NYT,3,Live Phone,Michigan,2024-09-21,9/26/24,688,46,REP,Trump
1424,Siena/NYT,3,Live Phone,Michigan,2024-09-21,9/26/24,688,48,DEM,Harris
1424,Siena/NYT,3,Live Phone,Michigan,2024-09-21,9/26/24,688,47,REP,Trump
1424,Siena/NYT,3,Live Phone,Michigan,2024-09-21,9/26/24,688,46,DEM,Harris
1424,Siena/NYT,3,Live Phone,Michigan,2024-09-21,9/26/24,688,46,REP,Trump
1424,Siena/NYT,3,Live Phone,Ohio,2024-09-21,9/26/24,687,45,DEM,Harris
1424,Siena/NYT,3,Live Phone,Ohio,2024-09-21,9/26/24,687,49,REP,Trump
1424,Siena/NYT,3,Live Phone,Ohio,2024-09-21,9/26/24,687,44,DEM,Harris
1424,Siena/NYT,3,Live Phone,Ohio,2024-09-21,9/26/24,687,47,REP,Trump
1424,Siena/NYT,3,Live Phone,Ohio,2024-09-21,9/26/24,687,44,DEM,Harris
1424,Siena/NYT,3,Live Phone,Ohio,2024-09-21,9/26/24,687,50,REP,Trump
1424,Siena/NYT,3,Live Phone,Ohio,2024-09-21,9/26/24,687,43,DEM,Harris
1424,Siena/NYT,3,Live Phone,Ohio,2024-09-21,9/26/24,687,49,REP,Trump
1424,Siena/NYT,3,Live Phone,Wisconsin,2024-09-21,9/26/24,680,49,DEM,Harris
1424,Siena/NYT,3,Live Phone,Wisconsin,2024-09-21,9/26/24,680,47,REP,Trump
1424,Siena/NYT,3,Live Phone,Wisconsin,2024-09-21,9/26/24,680,48,DEM,Harris
1424,Siena/NYT,3,Live Phone,Wisconsin,2024-09-21,9/26/24,680,45,REP,Trump
1424,Siena/NYT,3,Live Phone,Wisconsin,2024-09-21,9/26/24,680,49,DEM,Harris
1424,Siena/NYT,3,Live Phone,Wisconsin,2024-09-21,9/26/24,680,47,REP,Trump
1424,Siena/NYT,3,Live Phone,Wisconsin,2024-09-21,9/26/24,680,48,DEM,Harris
1424,Siena/NYT,3,Live Phone,Wisconsin,2024-09-21,9/26/24,680,46,REP,Trump
1075,Marquette Law School,3,Probability Panel,Wisconsin,2024-09-18,9/26/24,882,52,DEM,Harris
1075,Marquette Law School,3,Probability Panel,Wisconsin,2024-09-18,9/26/24,882,48,REP,Trump
1075,Marquette Law School,3,Probability Panel,Wisconsin,2024-09-18,9/26/24,798,52,DEM,Harris
1075,Marquette Law School,3,Probability Panel,Wisconsin,2024-09-18,9/26/24,798,48,REP,Trump
1075,Marquette Law School,3,Probability Panel,Wisconsin,2024-09-18,9/26/24,882,48,DEM,Harris
1075,Marquette Law School,3,Probability Panel,Wisconsin,2024-09-18,9/26/24,882,44,REP,Trump
1075,Marquette Law School,3,Probability Panel,Wisconsin,2024-09-18,9/26/24,798,49,DEM,Harris
1075,Marquette Law School,3,Probability Panel,Wisconsin,2024-09-18,9/26/24,798,44,REP,Trump
1102,Emerson,2.9,Online Panel/Text-to-Web,New York,2024-09-23,9/25/24,1000,55.5,DEM,Harris
1102,Emerson,2.9,Online Panel/Text-to-Web,New York,2024-09-23,9/25/24,1000,41.6,REP,Trump
1866,CNN/SSRS,2.8,Live Phone/Text-to-Web/Email/Mail-to-Web/Mail-to-Phone,North Carolina,2024-09-20,9/25/24,931,48,DEM,Harris
1866,CNN/SSRS,2.8,Live Phone/Text-to-Web/Email/Mail-to-Web/Mail-to-Phone,North Carolina,2024-09-20,9/25/24,931,48,REP,Trump
1866,CNN/SSRS,2.8,Live Phone/Text-to-Web/Email/Mail-to-Web/Mail-to-Phone,Nebraska CD-2,2024-09-20,9/25/24,749,53,DEM,Harris
1866,CNN/SSRS,2.8,Live Phone/Text-to-Web/Email/Mail-to-Web/Mail-to-Phone,Nebraska CD-2,2024-09-20,9/25/24,749,42,REP,Trump
1102,Emerson,2.9,Online Panel/Text-to-Web,Texas,2024-09-22,9/24/24,950,46.7,DEM,Harris
1102,Emerson,2.9,Online Panel/Text-to-Web,Texas,2024-09-22,9/24/24,950,52.3,REP,Trump
1102,Emerson,2.9,Online Panel/Text-to-Web,Virginia,2024-09-22,9/24/24,860,52.7,DEM,Harris
1102,Emerson,2.9,Online Panel/Text-to-Web,Virginia,2024-09-22,9/24/24,860,46.2,REP,Trump
568,YouGov,3,Online Panel,,2024-09-21,9/24/24,1424,47,DEM,Harris
568,YouGov,3,Online Panel,,2024-09-21,9/24/24,1424,44,REP,Trump
568,YouGov,3,Online Panel,,2024-09-21,9/24/24,1220,49,DEM,Harris
568,YouGov,3,Online Panel,,2024-09-21,9/24/24,1220,46,REP,Trump
568,YouGov,3,Online Panel,Georgia,2024-09-20,9/24/24,1441,49,DEM,Harris
568,YouGov,3,Online Panel,Georgia,2024-09-20,9/24/24,1441,51,REP,Trump
1597,Beacon/Shaw,2.8,Live Phone/Text-to-Web,Arizona,2024-09-20,9/24/24,1021,47,DEM,Harris
1597,Beacon/Shaw,2.8,Live Phone/Text-to-Web,Arizona,2024-09-20,9/24/24,1021,49,REP,Trump
1597,Beacon/Shaw,2.8,Live Phone/Text-to-Web,Arizona,2024-09-20,9/24/24,764,47,DEM,Harris
1597,Beacon/Shaw,2.8,Live Phone/Text-to-Web,Arizona,2024-09-20,9/24/24,764,50,REP,Trump
1597,Beacon/Shaw,2.8,Live Phone/Text-to-Web,Arizona,2024-09-20,9/24/24,1021,48,DEM,Harris
1597,Beacon/Shaw,2.8,Live Phone/Text-to-Web,Arizona,2024-09-20,9/24/24,1021,50,REP,Trump
1597,Beacon/Shaw,2.8,Live Phone/Text-to-Web,Arizona,2024-09-20,9/24/24,764,48,DEM,Harris
1597,Beacon/Shaw,2.8,Live Phone/Text-to-Web,Arizona,2024-09-20,9/24/24,764,51,REP,Trump
1597,Beacon/Shaw,2.8,Live Phone/Text-to-Web,Georgia,2024-09-20,9/24/24,1006,49,DEM,Harris
1597,Beacon/Shaw,2.8,Live Phone/Text-to-Web,Georgia,2024-09-20,9/24/24,1006,47,REP,Trump
1597,Beacon/Shaw,2.8,Live Phone/Text-to-Web,Georgia,2024-09-20,9/24/24,707,50,DEM,Harris
1597,Beacon/Shaw,2.8,Live Phone/Text-to-Web,Georgia,2024-09-20,9/24/24,707,48,REP,Trump
1597,Beacon/Shaw,2.8,Live Phone/Text-to-Web,Georgia,2024-09-20,9/24/24,1006,51,DEM,Harris
1597,Beacon/Shaw,2.8,Live Phone/Text-to-Web,Georgia,2024-09-20,9/24/24,1006,48,REP,Trump
1597,Beacon/Shaw,2.8,Live Phone/Text-to-Web,Georgia,2024-09-20,9/24/24,707,51,DEM,Harris
1597,Beacon/Shaw,2.8,Live Phone/Text-to-Web,Georgia,2024-09-20,9/24/24,707,48,REP,Trump
1597,Beacon/Shaw,2.8,Live Phone/Text-to-Web,North Carolina,2024-09-20,9/24/24,787,47,DEM,Harris
1597,Beacon/Shaw,2.8,Live Phone/Text-to-Web,North Carolina,2024-09-20,9/24/24,787,49,REP,Trump
1597,Beacon/Shaw,2.8,Live Phone/Text-to-Web,North Carolina,2024-09-20,9/24/24,991,48,DEM,Harris
1597,Beacon/Shaw,2.8,Live Phone/Text-to-Web,North Carolina,2024-09-20,9/24/24,991,47,REP,Trump
1597,Beacon/Shaw,2.8,Live Phone/Text-to-Web,North Carolina,2024-09-20,9/24/24,787,49,DEM,Harris
1597,Beacon/Shaw,2.8,Live Phone/Text-to-Web,North Carolina,2024-09-20,9/24/24,787,50,REP,Trump
1597,Beacon/Shaw,2.8,Live Phone/Text-to-Web,North Carolina,2024-09-20,9/24/24,991,50,DEM,Harris
1597,Beacon/Shaw,2.8,Live Phone/Text-to-Web,North Carolina,2024-09-20,9/24/24,991,48,REP,Trump
1597,Beacon/Shaw,2.8,Live Phone/Text-to-Web,Pennsylvania,2024-09-20,9/24/24,775,47,DEM,Harris
1597,Beacon/Shaw,2.8,Live Phone/Text-to-Web,Pennsylvania,2024-09-20,9/24/24,775,48,REP,Trump
1597,Beacon/Shaw,2.8,Live Phone/Text-to-Web,Pennsylvania,2024-09-20,9/24/24,1021,48,DEM,Harris
1597,Beacon/Shaw,2.8,Live Phone/Text-to-Web,Pennsylvania,2024-09-20,9/24/24,1021,46,REP,Trump
1597,Beacon/Shaw,2.8,Live Phone/Text-to-Web,Pennsylvania,2024-09-20,9/24/24,775,49,DEM,Harris
1597,Beacon/Shaw,2.8,Live Phone/Text-to-Web,Pennsylvania,2024-09-20,9/24/24,775,49,REP,Trump
1597,Beacon/Shaw,2.8,Live Phone/Text-to-Web,Pennsylvania,2024-09-20,9/24/24,1021,50,DEM,Harris
1597,Beacon/Shaw,2.8,Live Phone/Text-to-Web,Pennsylvania,2024-09-20,9/24/24,1021,48,REP,Trump
1205,Marist,2.9,Live Phone/Online Panel/Text-to-Web,Arizona,2024-09-19,9/24/24,1416,48,DEM,Harris
1205,Marist,2.9,Live Phone/Online Panel/Text-to-Web,Arizona,2024-09-19,9/24/24,1416,50,REP,Trump
1205,Marist,2.9,Live Phone/Online Panel/Text-to-Web,Arizona,2024-09-19,9/24/24,1264,49,DEM,Harris
1205,Marist,2.9,Live Phone/Online Panel/Text-to-Web,Arizona,2024-09-19,9/24/24,1264,50,REP,Trump
1205,Marist,2.9,Live Phone/Online Panel/Text-to-Web,North Carolina,2024-09-19,9/24/24,1507,49,DEM,Harris
1205,Marist,2.9,Live Phone/Online Panel/Text-to-Web,North Carolina,2024-09-19,9/24/24,1507,48,REP,Trump
1205,Marist,2.9,Live Phone/Online Panel/Text-to-Web,North Carolina,2024-09-19,9/24/24,1348,49,DEM,Harris
1205,Marist,2.9,Live Phone/Online Panel/Text-to-Web,North Carolina,2024-09-19,9/24/24,1348,49,REP,Trump
1205,Marist,2.9,Live Phone/Online Panel/Text-to-Web,Georgia,2024-09-19,9/24/24,1420,49,DEM,Harris
1205,Marist,2.9,Live Phone/Online Panel/Text-to-Web,Georgia,2024-09-19,9/24/24,1420,48,REP,Trump
1205,Marist,2.9,Live Phone/Online Panel/Text-to-Web,Georgia,2024-09-19,9/24/24,1220,49,DEM,Harris
1205,Marist,2.9,Live Phone/Online Panel/Text-to-Web,Georgia,2024-09-19,9/24/24,1220,50,REP,Trump
458,Suffolk,2.9,Live Phone,Arizona,2024-09-19,9/24/24,500,42.4,DEM,Harris
458,Suffolk,2.9,Live Phone,Arizona,2024-09-19,9/24/24,500,48.4,REP,Trump
460,SurveyUSA,2.8,IVR/Online Panel/Text-to-Web,Nebraska,2024-09-20,9/23/24,558,40,DEM,Harris
460,SurveyUSA,2.8,IVR/Online Panel/Text-to-Web,Nebraska,2024-09-20,9/23/24,558,56,REP,Trump
320,Monmouth,2.9,,Pennsylvania,2024-09-19,9/23/24,654,47,DEM,Harris
320,Monmouth,2.9,,Pennsylvania,2024-09-19,9/23/24,654,45,REP,Trump
241,Ipsos,2.8,Probability Panel,,2024-09-20,9/22/24,871,46.61,DEM,Harris
241,Ipsos,2.8,Probability Panel,,2024-09-20,9/22/24,871,40.48,REP,Trump
241,Ipsos,2.8,Probability Panel,,2024-09-20,9/22/24,785,50,DEM,Harris
241,Ipsos,2.8,Probability Panel,,2024-09-20,9/22/24,785,44,REP,Trump
241,Ipsos,2.8,Probability Panel,,2024-09-20,9/22/24,1029,42,DEM,Harris
241,Ipsos,2.8,Probability Panel,,2024-09-20,9/22/24,1029,38,REP,Trump
1866,CNN/SSRS,2.8,Probability Panel,,2024-09-19,9/22/24,2074,48,DEM,Harris
1866,CNN/SSRS,2.8,Probability Panel,,2024-09-19,9/22/24,2074,47,REP,Trump
1866,CNN/SSRS,2.8,Probability Panel,,2024-09-19,9/22/24,2074,47,DEM,Harris
1866,CNN/SSRS,2.8,Probability Panel,,2024-09-19,9/22/24,2074,47,REP,Trump
396,Quinnipiac,2.8,Live Phone,,2024-09-19,9/22/24,1728,47,DEM,Harris
396,Quinnipiac,2.8,Live Phone,,2024-09-19,9/22/24,1728,48,REP,Trump
396,Quinnipiac,2.8,Live Phone,,2024-09-19,9/22/24,1728,48,DEM,Harris
396,Quinnipiac,2.8,Live Phone,,2024-09-19,9/22/24,1728,48,REP,Trump
1424,Siena/NYT,3,Live Phone,Arizona,2024-09-17,9/21/24,713,45,DEM,Harris
1424,Siena/NYT,3,Live Phone,Arizona,2024-09-17,9/21/24,713,49,REP,Trump
1424,Siena/NYT,3,Live Phone,Arizona,2024-09-17,9/21/24,713,45,DEM,Harris
1424,Siena/NYT,3,Live Phone,Arizona,2024-09-17,9/21/24,713,50,REP,Trump
1424,Siena/NYT,3,Live Phone,Arizona,2024-09-17,9/21/24,713,42,DEM,Harris
1424,Siena/NYT,3,Live Phone,Arizona,2024-09-17,9/21/24,713,47,REP,Trump
1424,Siena/NYT,3,Live Phone,Arizona,2024-09-17,9/21/24,713,43,DEM,Harris
1424,Siena/NYT,3,Live Phone,Arizona,2024-09-17,9/21/24,713,48,REP,Trump
1424,Siena/NYT,3,Live Phone,Georgia,2024-09-17,9/21/24,682,44,DEM,Harris
1424,Siena/NYT,3,Live Phone,Georgia,2024-09-17,9/21/24,682,48,REP,Trump
1424,Siena/NYT,3,Live Phone,Georgia,2024-09-17,9/21/24,682,45,DEM,Harris
1424,Siena/NYT,3,Live Phone,Georgia,2024-09-17,9/21/24,682,49,REP,Trump
1424,Siena/NYT,3,Live Phone,Georgia,2024-09-17,9/21/24,682,43,DEM,Harris
1424,Siena/NYT,3,Live Phone,Georgia,2024-09-17,9/21/24,682,46,REP,Trump
1424,Siena/NYT,3,Live Phone,Georgia,2024-09-17,9/21/24,682,44,DEM,Harris
1424,Siena/NYT,3,Live Phone,Georgia,2024-09-17,9/21/24,682,47,REP,Trump
1424,Siena/NYT,3,Live Phone,North Carolina,2024-09-17,9/21/24,682,47,DEM,Harris
1424,Siena/NYT,3,Live Phone,North Carolina,2024-09-17,9/21/24,682,48,REP,Trump
1424,Siena/NYT,3,Live Phone,North Carolina,2024-09-17,9/21/24,682,47,DEM,Harris
1424,Siena/NYT,3,Live Phone,North Carolina,2024-09-17,9/21/24,682,49,REP,Trump
1424,Siena/NYT,3,Live Phone,North Carolina,2024-09-17,9/21/24,682,46,DEM,Harris
1424,Siena/NYT,3,Live Phone,North Carolina,2024-09-17,9/21/24,682,46,REP,Trump
1424,Siena/NYT,3,Live Phone,North Carolina,2024-09-17,9/21/24,682,45,DEM,Harris
1424,Siena/NYT,3,Live Phone,North Carolina,2024-09-17,9/21/24,682,47,REP,Trump
568,YouGov,3,Online Panel,,2024-09-18,9/20/24,3129,52,DEM,Harris
568,YouGov,3,Online Panel,,2024-09-18,9/20/24,3129,48,REP,Trump
329,Muhlenberg,2.8,Live Phone,Pennsylvania,2024-09-16,9/19/24,450,48,DEM,Harris
329,Muhlenberg,2.8,Live Phone,Pennsylvania,2024-09-16,9/19/24,450,48,REP,Trump
1847,University of Massachusetts Lowell/YouGov,2.9,Online Panel,Michigan,2024-09-11,9/19/24,650,48,DEM,Harris
1847,University of Massachusetts Lowell/YouGov,2.9,Online Panel,Michigan,2024-09-11,9/19/24,650,43,REP,Trump
1847,University of Massachusetts Lowell/YouGov,2.9,Online Panel,Pennsylvania,2024-09-11,9/19/24,800,48,DEM,Harris
1847,University of Massachusetts Lowell/YouGov,2.9,Online Panel,Pennsylvania,2024-09-11,9/19/24,800,46,REP,Trump
458,Suffolk,2.9,Live Phone,Michigan,2024-09-16,9/18/24,500,47.6,DEM,Harris
458,Suffolk,2.9,Live Phone,Michigan,2024-09-16,9/18/24,500,45.4,REP,Trump
1102,Emerson,2.9,IVR/Online Panel/Text-to-Web,Arizona,2024-09-15,9/18/24,868,48.7,DEM,Harris
1102,Emerson,2.9,IVR/Online Panel/Text-to-Web,Arizona,2024-09-15,9/18/24,868,49.8,REP,Trump
1102,Emerson,2.9,IVR/Online Panel/Text-to-Web,Georgia,2024-09-15,9/18/24,975,48.2,DEM,Harris
1102,Emerson,2.9,IVR/Online Panel/Text-to-Web,Georgia,2024-09-15,9/18/24,975,50.3,REP,Trump
1102,Emerson,2.9,IVR/Online Panel/Text-to-Web,Michigan,2024-09-15,9/18/24,875,50,DEM,Harris
1102,Emerson,2.9,IVR/Online Panel/Text-to-Web,Michigan,2024-09-15,9/18/24,875,49.1,REP,Trump
1102,Emerson,2.9,IVR/Online Panel/Text-to-Web,Nevada,2024-09-15,9/18/24,895,48.8,DEM,Harris
1102,Emerson,2.9,IVR/Online Panel/Text-to-Web,Nevada,2024-09-15,9/18/24,895,49,REP,Trump
1102,Emerson,2.9,IVR/Online Panel/Text-to-Web,Pennsylvania,2024-09-15,9/18/24,880,49.6,DEM,Harris
1102,Emerson,2.9,IVR/Online Panel/Text-to-Web,Pennsylvania,2024-09-15,9/18/24,880,49.3,REP,Trump
1102,Emerson,2.9,IVR/Online Panel/Text-to-Web,North Carolina,2024-09-15,9/18/24,1000,49.7,DEM,Harris
1102,Emerson,2.9,IVR/Online Panel/Text-to-Web,North Carolina,2024-09-15,9/18/24,1000,49.3,REP,Trump
1102,Emerson,2.9,IVR/Online Panel/Text-to-Web,Wisconsin,2024-09-15,9/18/24,1000,48.7,DEM,Harris
1102,Emerson,2.9,IVR/Online Panel/Text-to-Web,Wisconsin,2024-09-15,9/18/24,1000,50.3,REP,Trump
290,MassINC Polling Group,2.8,Live Phone/Text-to-Web,Pennsylvania,2024-09-12,9/18/24,800,50,DEM,Harris
290,MassINC Polling Group,2.8,Live Phone/Text-to-Web,Pennsylvania,2024-09-12,9/18/24,800,46,REP,Trump
290,MassINC Polling Group,2.8,Live Phone/Text-to-Web,Pennsylvania,2024-09-12,9/18/24,800,52,DEM,Harris
290,MassINC Polling Group,2.8,Live Phone/Text-to-Web,Pennsylvania,2024-09-12,9/18/24,800,47,REP,Trump
290,MassINC Polling Group,2.8,Live Phone/Text-to-Web,Massachusetts,2024-09-12,9/18/24,800,60,DEM,Harris
290,MassINC Polling Group,2.8,Live Phone/Text-to-Web,Massachusetts,2024-09-12,9/18/24,800,32,REP,Trump
290,MassINC Polling Group,2.8,Live Phone/Text-to-Web,Massachusetts,2024-09-12,9/18/24,800,63,DEM,Harris
290,MassINC Polling Group,2.8,Live Phone/Text-to-Web,Massachusetts,2024-09-12,9/18/24,800,35,REP,Trump
460,SurveyUSA,2.8,Online Panel,New Mexico,2024-09-12,9/18/24,619,50,DEM,Harris
460,SurveyUSA,2.8,Online Panel,New Mexico,2024-09-12,9/18/24,619,42,REP,Trump
290,MassINC Polling Group,2.8,Live Phone/Text-to-Web,Wisconsin,2024-09-12,9/18/24,800,51,DEM,Harris
290,MassINC Polling Group,2.8,Live Phone/Text-to-Web,Wisconsin,2024-09-12,9/18/24,800,45,REP,Trump
290,MassINC Polling Group,2.8,Live Phone/Text-to-Web,Wisconsin,2024-09-12,9/18/24,800,53,DEM,Harris
290,MassINC Polling Group,2.8,Live Phone/Text-to-Web,Wisconsin,2024-09-12,9/18/24,800,46,REP,Trump
290,MassINC Polling Group,2.8,Live Phone/Text-to-Web,Connecticut,2024-09-12,9/18/24,800,53,DEM,Harris
290,MassINC Polling Group,2.8,Live Phone/Text-to-Web,Connecticut,2024-09-12,9/18/24,800,37,REP,Trump
290,MassINC Polling Group,2.8,Live Phone/Text-to-Web,Rhode Island,2024-09-12,9/18/24,800,53,DEM,Harris
290,MassINC Polling Group,2.8,Live Phone/Text-to-Web,Rhode Island,2024-09-12,9/18/24,800,40,REP,Trump
290,MassINC Polling Group,2.8,Live Phone/Text-to-Web,Rhode Island,2024-09-12,9/18/24,800,56,DEM,Harris
290,MassINC Polling Group,2.8,Live Phone/Text-to-Web,Rhode Island,2024-09-12,9/18/24,800,43,REP,Trump
568,YouGov,3,Online Panel,,2024-09-15,9/17/24,1445,49,DEM,Harris
568,YouGov,3,Online Panel,,2024-09-15,9/17/24,1445,45,REP,Trump
1205,Marist,2.9,Live Phone/Online Panel/Text-to-Web,Pennsylvania,2024-09-12,9/17/24,1663,49,DEM,Harris
1205,Marist,2.9,Live Phone/Online Panel/Text-to-Web,Pennsylvania,2024-09-12,9/17/24,1663,48,REP,Trump
1205,Marist,2.9,Live Phone/Online Panel/Text-to-Web,Pennsylvania,2024-09-12,9/17/24,1476,49,DEM,Harris
1205,Marist,2.9,Live Phone/Online Panel/Text-to-Web,Pennsylvania,2024-09-12,9/17/24,1476,49,REP,Trump
1205,Marist,2.9,Live Phone/Online Panel/Text-to-Web,Wisconsin,2024-09-12,9/17/24,1312,50,DEM,Harris
1205,Marist,2.9,Live Phone/Online Panel/Text-to-Web,Wisconsin,2024-09-12,9/17/24,1312,47,REP,Trump
1205,Marist,2.9,Live Phone/Online Panel/Text-to-Web,Wisconsin,2024-09-12,9/17/24,1194,50,DEM,Harris
1205,Marist,2.9,Live Phone/Online Panel/Text-to-Web,Wisconsin,2024-09-12,9/17/24,1194,49,REP,Trump
1205,Marist,2.9,Live Phone/Online Panel/Text-to-Web,Michigan,2024-09-12,9/17/24,1282,50,DEM,Harris
1205,Marist,2.9,Live Phone/Online Panel/Text-to-Web,Michigan,2024-09-12,9/17/24,1282,47,REP,Trump
1205,Marist,2.9,Live Phone/Online Panel/Text-to-Web,Michigan,2024-09-12,9/17/24,1138,52,DEM,Harris
1205,Marist,2.9,Live Phone/Online Panel/Text-to-Web,Michigan,2024-09-12,9/17/24,1138,47,REP,Trump
1597,Beacon/Shaw,2.8,Live Phone/Text-to-Web,,2024-09-13,9/16/24,1102,50,DEM,Harris
1597,Beacon/Shaw,2.8,Live Phone/Text-to-Web,,2024-09-13,9/16/24,1102,48,REP,Trump
1597,Beacon/Shaw,2.8,Live Phone/Text-to-Web,,2024-09-13,9/16/24,876,50,DEM,Harris
1597,Beacon/Shaw,2.8,Live Phone/Text-to-Web,,2024-09-13,9/16/24,876,48,REP,Trump
396,Quinnipiac,2.8,Live Phone,Pennsylvania,2024-09-12,9/16/24,1331,51,DEM,Harris
396,Quinnipiac,2.8,Live Phone,Pennsylvania,2024-09-12,9/16/24,1331,45,REP,Trump
396,Quinnipiac,2.8,Live Phone,Pennsylvania,2024-09-12,9/16/24,1331,51,DEM,Harris
396,Quinnipiac,2.8,Live Phone,Pennsylvania,2024-09-12,9/16/24,1331,46,REP,Trump
396,Quinnipiac,2.8,Live Phone,Michigan,2024-09-12,9/16/24,905,50,DEM,Harris
396,Quinnipiac,2.8,Live Phone,Michigan,2024-09-12,9/16/24,905,45,REP,Trump
396,Quinnipiac,2.8,Live Phone,Michigan,2024-09-12,9/16/24,905,51,DEM,Harris
396,Quinnipiac,2.8,Live Phone,Michigan,2024-09-12,9/16/24,905,46,REP,Trump
396,Quinnipiac,2.8,Live Phone,Wisconsin,2024-09-12,9/16/24,1075,48,DEM,Harris
396,Quinnipiac,2.8,Live Phone,Wisconsin,2024-09-12,9/16/24,1075,47,REP,Trump
396,Quinnipiac,2.8,Live Phone,Wisconsin,2024-09-12,9/16/24,1075,49,DEM,Harris
396,Quinnipiac,2.8,Live Phone,Wisconsin,2024-09-12,9/16/24,1075,48,REP,Trump
486,The Washington Post,3,Live Phone/Text-to-Web,Pennsylvania,2024-09-12,9/16/24,1003,48,DEM,Harris
486,The Washington Post,3,Live Phone/Text-to-Web,Pennsylvania,2024-09-12,9/16/24,1003,47,REP,Trump
486,The Washington Post,3,Live Phone/Text-to-Web,Pennsylvania,2024-09-12,9/16/24,1003,48,DEM,Harris
486,The Washington Post,3,Live Phone/Text-to-Web,Pennsylvania,2024-09-12,9/16/24,1003,48,REP,Trump
1424,Siena/NYT,3,Live Phone,,2024-09-11,9/16/24,2437,47,DEM,Harris
1424,Siena/NYT,3,Live Phone,,2024-09-11,9/16/24,2437,47,REP,Trump
1424,Siena/NYT,3,Live Phone,,2024-09-11,9/16/24,2437,46,DEM,Harris
1424,Siena/NYT,3,Live Phone,,2024-09-11,9/16/24,2437,47,REP,Trump
1424,Siena/NYT,3,Live Phone,,2024-09-11,9/16/24,2437,45,DEM,Harris
1424,Siena/NYT,3,Live Phone,,2024-09-11,9/16/24,2437,46,REP,Trump
1424,Siena/NYT,3,Live Phone,,2024-09-11,9/16/24,2437,46,DEM,Harris
1424,Siena/NYT,3,Live Phone,,2024-09-11,9/16/24,2437,46,REP,Trump
1424,Siena/NYT,3,Live Phone,Pennsylvania,2024-09-11,9/16/24,1082,50,DEM,Harris
1424,Siena/NYT,3,Live Phone,Pennsylvania,2024-09-11,9/16/24,1082,46,REP,Trump
1424,Siena/NYT,3,Live Phone,Pennsylvania,2024-09-11,9/16/24,1082,50,DEM,Harris
1424,Siena/NYT,3,Live Phone,Pennsylvania,2024-09-11,9/16/24,1082,46,REP,Trump
1424,Siena/NYT,3,Live Phone,Pennsylvania,2024-09-11,9/16/24,1082,48,DEM,Harris
1424,Siena/NYT,3,Live Phone,Pennsylvania,2024-09-11,9/16/24,1082,45,REP,Trump
1424,Siena/NYT,3,Live Phone,Pennsylvania,2024-09-11,9/16/24,1082,49,DEM,Harris
1424,Siena/NYT,3,Live Phone,Pennsylvania,2024-09-11,9/16/24,1082,45,REP,Trump
320,Monmouth,2.9,Live Phone/Text-to-Web,,2024-09-11,9/15/24,803,48,DEM,Harris
320,Monmouth,2.9,Live Phone/Text-to-Web,,2024-09-11,9/15/24,803,44,REP,Trump
458,Suffolk,2.9,Live Phone,Pennsylvania,2024-09-11,9/14/24,500,48.6,DEM,Harris
458,Suffolk,2.9,Live Phone,Pennsylvania,2024-09-11,9/14/24,500,45.6,REP,Trump
1102,Emerson,2.9,Online Panel/Text-to-Web,Maryland,2024-09-12,9/13/24,890,65.3,DEM,Harris
1102,Emerson,2.9,Online Panel/Text-to-Web,Maryland,2024-09-12,9/13/24,890,33.3,REP,Trump
1102,Emerson,2.9,Online Panel/Text-to-Web,Missouri,2024-09-12,9/13/24,850,43.4,DEM,Harris
1102,Emerson,2.9,Online Panel/Text-to-Web,Missouri,2024-09-12,9/13/24,850,55.2,REP,Trump
1102,Emerson,2.9,Online Panel/Text-to-Web,Indiana,2024-09-12,9/13/24,1000,40.7,DEM,Harris
1102,Emerson,2.9,Online Panel/Text-to-Web,Indiana,2024-09-12,9/13/24,1000,57.9,REP,Trump
568,YouGov,3,Online Panel,,2024-09-11,9/13/24,1177,50,DEM,Harris
568,YouGov,3,Online Panel,,2024-09-11,9/13/24,1177,45,REP,Trump
568,YouGov,3,Online Panel,,2024-09-11,9/13/24,1090,50,DEM,Harris
568,YouGov,3,Online Panel,,2024-09-11,9/13/24,1090,46,REP,Trump
568,YouGov,3,Online Panel,,2024-09-11,9/13/24,1175,48,DEM,Harris
568,YouGov,3,Online Panel,,2024-09-11,9/13/24,1175,44,REP,Trump
568,YouGov,3,Online Panel,,2024-09-11,9/13/24,1090,49,DEM,Harris
568,YouGov,3,Online Panel,,2024-09-11,9/13/24,1090,45,REP,Trump
241,Ipsos,2.8,Probability Panel,,2024-09-11,9/13/24,3276,51,DEM,Harris
241,Ipsos,2.8,Probability Panel,,2024-09-11,9/13/24,3276,46,REP,Trump
241,Ipsos,2.8,Probability Panel,,2024-09-11,9/13/24,2772,51,DEM,Harris
241,Ipsos,2.8,Probability Panel,,2024-09-11,9/13/24,2772,47,REP,Trump
241,Ipsos,2.8,Probability Panel,,2024-09-11,9/13/24,2196,52,DEM,Harris
241,Ipsos,2.8,Probability Panel,,2024-09-11,9/13/24,2196,46,REP,Trump
241,Ipsos,2.8,Probability Panel,,2024-09-11,9/13/24,3276,51,DEM,Harris
241,Ipsos,2.8,Probability Panel,,2024-09-11,9/13/24,3276,45,REP,Trump
241,Ipsos,2.8,Probability Panel,,2024-09-11,9/13/24,2772,50,DEM,Harris
241,Ipsos,2.8,Probability Panel,,2024-09-11,9/13/24,2772,46,REP,Trump
241,Ipsos,2.8,Probability Panel,,2024-09-11,9/13/24,2196,51,DEM,Harris
241,Ipsos,2.8,Probability Panel,,2024-09-11,9/13/24,2196,46,REP,Trump
241,Ipsos,2.8,Probability Panel,,2024-09-11,9/12/24,1405,47,DEM,Harris
241,Ipsos,2.8,Probability Panel,,2024-09-11,9/12/24,1405,42,REP,Trump
241,Ipsos,2.8,Probability Panel,,2024-09-11,9/12/24,1690,43,DEM,Harris
241,Ipsos,2.8,Probability Panel,,2024-09-11,9/12/24,1690,39,REP,Trump
437,Selzer,2.8,Live Phone,Iowa,2024-09-08,9/11/24,656,43,DEM,Harris
437,Selzer,2.8,Live Phone,Iowa,2024-09-08,9/11/24,656,47,REP,Trump
568,YouGov,3,Online Panel,,2024-09-08,9/10/24,1464,45,DEM,Harris
568,YouGov,3,Online Panel,,2024-09-08,9/10/24,1464,45,REP,Trump
1308,Data Orbital,2.9,Live Phone/Text-to-Web,Arizona,2024-09-07,9/9/24,550,46,DEM,Harris
1308,Data Orbital,2.9,Live Phone/Text-to-Web,Arizona,2024-09-07,9/9/24,550,46.2,REP,Trump
396,Quinnipiac,2.8,Live Phone,North Carolina,2024-09-04,9/8/24,940,49,DEM,Harris
396,Quinnipiac,2.8,Live Phone,North Carolina,2024-09-04,9/8/24,940,46,REP,Trump
396,Quinnipiac,2.8,Live Phone,North Carolina,2024-09-04,9/8/24,940,50,DEM,Harris
396,Quinnipiac,2.8,Live Phone,North Carolina,2024-09-04,9/8/24,940,47,REP,Trump
396,Quinnipiac,2.8,Live Phone,Georgia,2024-09-04,9/8/24,969,45,DEM,Harris
396,Quinnipiac,2.8,Live Phone,Georgia,2024-09-04,9/8/24,969,49,REP,Trump
396,Quinnipiac,2.8,Live Phone,Georgia,2024-09-04,9/8/24,969,46,DEM,Harris
396,Quinnipiac,2.8,Live Phone,Georgia,2024-09-04,9/8/24,969,49,REP,Trump
460,SurveyUSA,2.8,Online Panel,North Carolina,2024-09-04,9/7/24,676,49,DEM,Harris
460,SurveyUSA,2.8,Online Panel,North Carolina,2024-09-04,9/7/24,676,46,REP,Trump
568,YouGov,3,Online Panel,Michigan,2024-09-03,9/6/24,1077,50,DEM,Harris
568,YouGov,3,Online Panel,Michigan,2024-09-03,9/6/24,1077,49,REP,Trump
568,YouGov,3,Online Panel,Pennsylvania,2024-09-03,9/6/24,1078,50,DEM,Harris
568,YouGov,3,Online Panel,Pennsylvania,2024-09-03,9/6/24,1078,50,REP,Trump
568,YouGov,3,Online Panel,Wisconsin,2024-09-03,9/6/24,946,51,DEM,Harris
568,YouGov,3,Online Panel,Wisconsin,2024-09-03,9/6/24,946,49,REP,Trump
1424,Siena/NYT,3,Live Phone,,2024-09-03,9/6/24,1695,47,DEM,Harris
1424,Siena/NYT,3,Live Phone,,2024-09-03,9/6/24,1695,48,REP,Trump
1424,Siena/NYT,3,Live Phone,,2024-09-03,9/6/24,1695,45,DEM,Harris
1424,Siena/NYT,3,Live Phone,,2024-09-03,9/6/24,1695,47,REP,Trump
1424,Siena/NYT,3,Live Phone,,2024-09-03,9/6/24,1695,46,DEM,Harris
1424,Siena/NYT,3,Live Phone,,2024-09-03,9/6/24,1695,48,REP,Trump
1424,Siena/NYT,3,Live Phone,,2024-09-03,9/6/24,1695,44,DEM,Harris
1424,Siena/NYT,3,Live Phone,,2024-09-03,9/6/24,1695,46,REP,Trump
1102,Emerson,2.9,Online Panel/Text-to-Web,California,2024-09-03,9/5/24,815,60.8,DEM,Harris
1102,Emerson,2.9,Online Panel/Text-to-Web,California,2024-09-03,9/5/24,815,38,REP,Trump
1102,Emerson,2.9,Online Panel/Text-to-Web,Florida,2024-09-03,9/5/24,815,47.6,DEM,Harris
1102,Emerson,2.9,Online Panel/Text-to-Web,Florida,2024-09-03,9/5/24,815,51.1,REP,Trump
1102,Emerson,2.9,Online Panel/Text-to-Web,Texas,2024-09-03,9/5/24,845,48,DEM,Harris
1102,Emerson,2.9,Online Panel/Text-to-Web,Texas,2024-09-03,9/5/24,845,50.9,REP,Trump
1102,Emerson,2.9,Online Panel/Text-to-Web,Ohio,2024-09-03,9/5/24,945,44.7,DEM,Harris
1102,Emerson,2.9,Online Panel/Text-to-Web,Ohio,2024-09-03,9/5/24,945,54.3,REP,Trump
1205,Marist,2.9,Live Phone/Online Panel/Text,,2024-09-03,9/5/24,1413,49,DEM,Harris
1205,Marist,2.9,Live Phone/Online Panel/Text,,2024-09-03,9/5/24,1413,48,REP,Trump
1075,Marquette Law School,3,Live Phone/Email,Wisconsin,2024-08-28,9/5/24,822,52,DEM,Harris
1075,Marquette Law School,3,Live Phone/Email,Wisconsin,2024-08-28,9/5/24,822,48,REP,Trump
1075,Marquette Law School,3,Live Phone/Email,Wisconsin,2024-08-28,9/5/24,738,52,DEM,Harris
1075,Marquette Law School,3,Live Phone/Email,Wisconsin,2024-08-28,9/5/24,738,48,REP,Trump
1075,Marquette Law School,3,Live Phone/Email,Wisconsin,2024-08-28,9/5/24,822,47,DEM,Harris
1075,Marquette Law School,3,Live Phone/Email,Wisconsin,2024-08-28,9/5/24,822,43,REP,Trump
1075,Marquette Law School,3,Live Phone/Email,Wisconsin,2024-08-28,9/5/24,738,48,DEM,Harris
1075,Marquette Law School,3,Live Phone/Email,Wisconsin,2024-08-28,9/5/24,738,43,REP,Trump
1102,Emerson,2.9,IVR/Online Panel/Text-to-Web,,2024-09-03,9/4/24,1000,51.3,DEM,Harris
1102,Emerson,2.9,IVR/Online Panel/Text-to-Web,,2024-09-03,9/4/24,1000,47.6,REP,Trump
568,YouGov,3,Online Panel,,2024-09-01,9/3/24,1389,47,DEM,Harris
568,YouGov,3,Online Panel,,2024-09-01,9/3/24,1389,45,REP,Trump
568,YouGov,3,Online Panel,Texas,2024-08-23,8/31/24,1200,44,DEM,Harris
568,YouGov,3,Online Panel,Texas,2024-08-23,8/31/24,1200,49,REP,Trump
568,YouGov,3,Online Panel,Texas,2024-08-23,8/31/24,1200,44,DEM,Harris
568,YouGov,3,Online Panel,Texas,2024-08-23,8/31/24,1200,49,REP,Trump
460,SurveyUSA,2.8,Online Panel,Minnesota,2024-08-27,8/29/24,635,48,DEM,Harris
460,SurveyUSA,2.8,Online Panel,Minnesota,2024-08-27,8/29/24,635,43,REP,Trump
1866,CNN/SSRS,2.8,Probability Panel,Arizona,2024-08-23,8/29/24,682,44,DEM,Harris
1866,CNN/SSRS,2.8,Probability Panel,Arizona,2024-08-23,8/29/24,682,49,REP,Trump
1866,CNN/SSRS,2.8,Probability Panel,Georgia,2024-08-23,8/29/24,617,48,DEM,Harris
1866,CNN/SSRS,2.8,Probability Panel,Georgia,2024-08-23,8/29/24,617,47,REP,Trump
1866,CNN/SSRS,2.8,Probability Panel,Michigan,2024-08-23,8/29/24,708,48,DEM,Harris
1866,CNN/SSRS,2.8,Probability Panel,Michigan,2024-08-23,8/29/24,708,43,REP,Trump
1866,CNN/SSRS,2.8,Probability Panel,Nevada,2024-08-23,8/29/24,626,48,DEM,Harris
1866,CNN/SSRS,2.8,Probability Panel,Nevada,2024-08-23,8/29/24,626,47,REP,Trump
1866,CNN/SSRS,2.8,Probability Panel,Pennsylvania,2024-08-23,8/29/24,789,47,DEM,Harris
1866,CNN/SSRS,2.8,Probability Panel,Pennsylvania,2024-08-23,8/29/24,789,47,REP,Trump
1866,CNN/SSRS,2.8,Probability Panel,Wisconsin,2024-08-23,8/29/24,976,50,DEM,Harris
1866,CNN/SSRS,2.8,Probability Panel,Wisconsin,2024-08-23,8/29/24,976,44,REP,Trump
1102,Emerson,2.9,IVR/Online Panel/Text-to-Web,Arizona,2024-08-25,8/28/24,720,47.5,DEM,Harris
1102,Emerson,2.9,IVR/Online Panel/Text-to-Web,Arizona,2024-08-25,8/28/24,720,51.2,REP,Trump
1102,Emerson,2.9,IVR/Online Panel/Text-to-Web,Michigan,2024-08-25,8/28/24,800,51.2,DEM,Harris
1102,Emerson,2.9,IVR/Online Panel/Text-to-Web,Michigan,2024-08-25,8/28/24,800,47.6,REP,Trump
1102,Emerson,2.9,IVR/Online Panel/Text-to-Web,Nevada,2024-08-25,8/28/24,1168,49.4,DEM,Harris
1102,Emerson,2.9,IVR/Online Panel/Text-to-Web,Nevada,2024-08-25,8/28/24,1168,48.8,REP,Trump
1102,Emerson,2.9,IVR/Online Panel/Text-to-Web,Pennsylvania,2024-08-25,8/28/24,950,49.4,DEM,Harris
1102,Emerson,2.9,IVR/Online Panel/Text-to-Web,Pennsylvania,2024-08-25,8/28/24,950,49.4,REP,Trump
1102,Emerson,2.9,IVR/Online Panel/Text-to-Web,Wisconsin,2024-08-25,8/28/24,850,49.1,DEM,Harris
1102,Emerson,2.9,IVR/Online Panel/Text-to-Web,Wisconsin,2024-08-25,8/28/24,850,49.8,REP,Trump
1102,Emerson,2.9,IVR/Online Panel/Text-to-Web,North Carolina,2024-08-25,8/28/24,775,49,DEM,Harris
1102,Emerson,2.9,IVR/Online Panel/Text-to-Web,North Carolina,2024-08-25,8/28/24,775,49.9,REP,Trump
1102,Emerson,2.9,IVR/Online Panel/Text-to-Web,Georgia,2024-08-25,8/28/24,800,50.1,DEM,Harris
1102,Emerson,2.9,IVR/Online Panel/Text-to-Web,Georgia,2024-08-25,8/28/24,800,49,REP,Trump
458,Suffolk,2.9,Live Phone,,2024-08-25,8/28/24,1000,47.6,DEM,Harris
458,Suffolk,2.9,Live Phone,,2024-08-25,8/28/24,1000,43.3,REP,Trump
241,Ipsos,2.8,Probability Panel,,2024-08-21,8/28/24,3562,44,DEM,Harris
241,Ipsos,2.8,Probability Panel,,2024-08-21,8/28/24,3562,40,REP,Trump
241,Ipsos,2.8,Probability Panel,,2024-08-21,8/28/24,4253,41,DEM,Harris
241,Ipsos,2.8,Probability Panel,,2024-08-21,8/28/24,4253,38,REP,Trump
241,Ipsos,2.8,Probability Panel,,2024-08-21,8/28/24,3562,45,DEM,Harris
241,Ipsos,2.8,Probability Panel,,2024-08-21,8/28/24,3562,41,REP,Trump
241,Ipsos,2.8,Probability Panel,,2024-08-21,8/28/24,4253,40,DEM,Harris
241,Ipsos,2.8,Probability Panel,,2024-08-21,8/28/24,4253,36,REP,Trump
568,YouGov,3,Online Panel,,2024-08-25,8/27/24,1368,47,DEM,Harris
568,YouGov,3,Online Panel,,2024-08-25,8/27/24,1368,45,REP,Trump
396,Quinnipiac,2.8,Live Phone,,2024-08-23,8/27/24,1611,49,DEM,Harris
396,Quinnipiac,2.8,Live Phone,,2024-08-23,8/27/24,1611,47,REP,Trump
396,Quinnipiac,2.8,Live Phone,,2024-08-23,8/27/24,1611,49,DEM,Harris
396,Quinnipiac,2.8,Live Phone,,2024-08-23,8/27/24,1611,48,REP,Trump
241,Ipsos,2.8,Probability Panel,,2024-08-23,8/27/24,2496,50,DEM,Harris
241,Ipsos,2.8,Probability Panel,,2024-08-23,8/27/24,2496,46,REP,Trump
241,Ipsos,2.8,Probability Panel,,2024-08-23,8/27/24,NA,50,DEM,Harris
241,Ipsos,2.8,Probability Panel,,2024-08-23,8/27/24,NA,46,REP,Trump
241,Ipsos,2.8,Probability Panel,,2024-08-23,8/27/24,NA,52,DEM,Harris
241,Ipsos,2.8,Probability Panel,,2024-08-23,8/27/24,NA,46,REP,Trump
241,Ipsos,2.8,Probability Panel,,2024-08-23,8/27/24,2496,49,DEM,Harris
241,Ipsos,2.8,Probability Panel,,2024-08-23,8/27/24,2496,45,REP,Trump
241,Ipsos,2.8,Probability Panel,,2024-08-23,8/27/24,NA,50,DEM,Harris
241,Ipsos,2.8,Probability Panel,,2024-08-23,8/27/24,NA,45,REP,Trump
460,SurveyUSA,2.8,IVR/Online Panel/Text-to-Web,Nebraska,2024-08-23,8/27/24,1293,37,DEM,Harris
460,SurveyUSA,2.8,IVR/Online Panel/Text-to-Web,Nebraska,2024-08-23,8/27/24,1293,54,REP,Trump
460,SurveyUSA,2.8,IVR/Online Panel/Text-to-Web,Nebraska CD-2,2024-08-23,8/27/24,507,47,DEM,Harris
460,SurveyUSA,2.8,IVR/Online Panel/Text-to-Web,Nebraska CD-2,2024-08-23,8/27/24,507,42,REP,Trump
1597,Beacon/Shaw,2.8,Live Phone/Text-to-Web,Arizona,2024-08-23,8/26/24,1014,48,DEM,Harris
1597,Beacon/Shaw,2.8,Live Phone/Text-to-Web,Arizona,2024-08-23,8/26/24,1014,47,REP,Trump
1597,Beacon/Shaw,2.8,Live Phone/Text-to-Web,Arizona,2024-08-23,8/26/24,1014,50,DEM,Harris
1597,Beacon/Shaw,2.8,Live Phone/Text-to-Web,Arizona,2024-08-23,8/26/24,1014,49,REP,Trump
1597,Beacon/Shaw,2.8,Live Phone/Text-to-Web,Georgia,2024-08-23,8/26/24,1014,48,DEM,Harris
1597,Beacon/Shaw,2.8,Live Phone/Text-to-Web,Georgia,2024-08-23,8/26/24,1014,46,REP,Trump
1597,Beacon/Shaw,2.8,Live Phone/Text-to-Web,Georgia,2024-08-23,8/26/24,1014,50,DEM,Harris
1597,Beacon/Shaw,2.8,Live Phone/Text-to-Web,Georgia,2024-08-23,8/26/24,1014,48,REP,Trump
1597,Beacon/Shaw,2.8,Live Phone/Text-to-Web,Nevada,2024-08-23,8/26/24,1026,48,DEM,Harris
1597,Beacon/Shaw,2.8,Live Phone/Text-to-Web,Nevada,2024-08-23,8/26/24,1026,46,REP,Trump
1597,Beacon/Shaw,2.8,Live Phone/Text-to-Web,Nevada,2024-08-23,8/26/24,1026,50,DEM,Harris
1597,Beacon/Shaw,2.8,Live Phone/Text-to-Web,Nevada,2024-08-23,8/26/24,1026,48,REP,Trump
1597,Beacon/Shaw,2.8,Live Phone/Text-to-Web,North Carolina,2024-08-23,8/26/24,999,47,DEM,Harris
1597,Beacon/Shaw,2.8,Live Phone/Text-to-Web,North Carolina,2024-08-23,8/26/24,999,48,REP,Trump
1597,Beacon/Shaw,2.8,Live Phone/Text-to-Web,North Carolina,2024-08-23,8/26/24,999,49,DEM,Harris
1597,Beacon/Shaw,2.8,Live Phone/Text-to-Web,North Carolina,2024-08-23,8/26/24,999,50,REP,Trump
568,YouGov,3,Online Panel,,2024-08-22,8/26/24,1194,46,DEM,Harris
568,YouGov,3,Online Panel,,2024-08-22,8/26/24,1194,45,REP,Trump
568,YouGov,3,Online Panel,,2024-08-22,8/26/24,1197,47,DEM,Harris
568,YouGov,3,Online Panel,,2024-08-22,8/26/24,1197,46,REP,Trump
568,YouGov,3,Online Panel,,2024-08-22,8/26/24,1788,39,DEM,Harris
568,YouGov,3,Online Panel,,2024-08-22,8/26/24,1788,36,REP,Trump
568,YouGov,3,Online Panel,,2024-08-22,8/26/24,1200,44,DEM,Harris
568,YouGov,3,Online Panel,,2024-08-22,8/26/24,1200,42,REP,Trump
568,YouGov,3,Online Panel,Pennsylvania,2024-08-15,8/23/24,500,43,DEM,Harris
568,YouGov,3,Online Panel,Pennsylvania,2024-08-15,8/23/24,500,42.5,REP,Trump
568,YouGov,3,Online Panel,Pennsylvania,2024-08-15,8/23/24,NA,47,DEM,Harris
568,YouGov,3,Online Panel,Pennsylvania,2024-08-15,8/23/24,NA,47,REP,Trump
568,YouGov,3,Online Panel,Pennsylvania,2024-08-15,8/23/24,500,43,DEM,Harris
568,YouGov,3,Online Panel,Pennsylvania,2024-08-15,8/23/24,500,41,REP,Trump
568,YouGov,3,Online Panel,Pennsylvania,2024-08-15,8/23/24,NA,48,DEM,Harris
568,YouGov,3,Online Panel,Pennsylvania,2024-08-15,8/23/24,NA,46,REP,Trump
568,YouGov,3,Online Panel,Wisconsin,2024-08-15,8/23/24,500,48,DEM,Harris
568,YouGov,3,Online Panel,Wisconsin,2024-08-15,8/23/24,500,42,REP,Trump
568,YouGov,3,Online Panel,Wisconsin,2024-08-15,8/23/24,NA,51,DEM,Harris
568,YouGov,3,Online Panel,Wisconsin,2024-08-15,8/23/24,NA,46,REP,Trump
568,YouGov,3,Online Panel,Wisconsin,2024-08-15,8/23/24,500,45,DEM,Harris
568,YouGov,3,Online Panel,Wisconsin,2024-08-15,8/23/24,500,40,REP,Trump
568,YouGov,3,Online Panel,Wisconsin,2024-08-15,8/23/24,NA,49,DEM,Harris
568,YouGov,3,Online Panel,Wisconsin,2024-08-15,8/23/24,NA,45,REP,Trump
568,YouGov,3,Online Panel,Michigan,2024-08-15,8/23/24,500,44,DEM,Harris
568,YouGov,3,Online Panel,Michigan,2024-08-15,8/23/24,500,43.5,REP,Trump
568,YouGov,3,Online Panel,Michigan,2024-08-15,8/23/24,NA,47,DEM,Harris
568,YouGov,3,Online Panel,Michigan,2024-08-15,8/23/24,NA,48,REP,Trump
568,YouGov,3,Online Panel,Michigan,2024-08-15,8/23/24,500,44,DEM,Harris
568,YouGov,3,Online Panel,Michigan,2024-08-15,8/23/24,500,41.5,REP,Trump
568,YouGov,3,Online Panel,Michigan,2024-08-15,8/23/24,NA,47,DEM,Harris
568,YouGov,3,Online Panel,Michigan,2024-08-15,8/23/24,NA,46,REP,Trump
1102,Emerson,2.9,IVR/Online Panel/Text-to-Web,New Mexico,2024-08-20,8/22/24,965,53.6,DEM,Harris
1102,Emerson,2.9,IVR/Online Panel/Text-to-Web,New Mexico,2024-08-20,8/22/24,965,46.4,REP,Trump
1102,Emerson,2.9,IVR/Online Panel/Text-to-Web,New Mexico,2024-08-20,8/22/24,965,51,DEM,Harris
1102,Emerson,2.9,IVR/Online Panel/Text-to-Web,New Mexico,2024-08-20,8/22/24,965,40.2,REP,Trump
568,YouGov,3,Online Panel,,2024-08-15,8/22/24,1835,44,DEM,Harris
568,YouGov,3,Online Panel,,2024-08-15,8/22/24,1835,40,REP,Trump
1050,SurveyUSA/High Point University,2.8,Online Panel,North Carolina,2024-08-19,8/21/24,1053,46,DEM,Harris
1050,SurveyUSA/High Point University,2.8,Online Panel,North Carolina,2024-08-19,8/21/24,1053,45,REP,Trump
1050,SurveyUSA/High Point University,2.8,Online Panel,North Carolina,2024-08-19,8/21/24,941,47,DEM,Harris
1050,SurveyUSA/High Point University,2.8,Online Panel,North Carolina,2024-08-19,8/21/24,941,47,REP,Trump
568,YouGov,3,Online Panel,,2024-08-17,8/20/24,1371,46,DEM,Harris
568,YouGov,3,Online Panel,,2024-08-17,8/20/24,1371,43,REP,Trump
568,YouGov,3,Online Panel,,2024-08-14,8/16/24,3253,51,DEM,Harris
568,YouGov,3,Online Panel,,2024-08-14,8/16/24,3253,48,REP,Trump
568,YouGov,3,Online Panel,,2024-08-14,8/16/24,3253,49,DEM,Harris
568,YouGov,3,Online Panel,,2024-08-14,8/16/24,3253,47,REP,Trump
568,YouGov,3,Online Panel,Missouri,2024-08-08,8/16/24,900,41,DEM,Harris
568,YouGov,3,Online Panel,Missouri,2024-08-08,8/16/24,900,54,REP,Trump
1424,Siena/NYT,3,Live Phone,Nevada,2024-08-12,8/15/24,677,46,DEM,Harris
1424,Siena/NYT,3,Live Phone,Nevada,2024-08-12,8/15/24,677,48,REP,Trump
1424,Siena/NYT,3,Live Phone,Nevada,2024-08-12,8/15/24,677,47,DEM,Harris
1424,Siena/NYT,3,Live Phone,Nevada,2024-08-12,8/15/24,677,48,REP,Trump
1424,Siena/NYT,3,Live Phone,Nevada,2024-08-12,8/15/24,677,42,DEM,Harris
1424,Siena/NYT,3,Live Phone,Nevada,2024-08-12,8/15/24,677,45,REP,Trump
1424,Siena/NYT,3,Live Phone,Nevada,2024-08-12,8/15/24,677,44,DEM,Harris
1424,Siena/NYT,3,Live Phone,Nevada,2024-08-12,8/15/24,677,46,REP,Trump
1424,Siena/NYT,3,Live Phone,Arizona,2024-08-08,8/15/24,677,49,DEM,Harris
1424,Siena/NYT,3,Live Phone,Arizona,2024-08-08,8/15/24,677,45,REP,Trump
1424,Siena/NYT,3,Live Phone,Arizona,2024-08-08,8/15/24,677,50,DEM,Harris
1424,Siena/NYT,3,Live Phone,Arizona,2024-08-08,8/15/24,677,45,REP,Trump
1424,Siena/NYT,3,Live Phone,Arizona,2024-08-08,8/15/24,677,45,DEM,Harris
1424,Siena/NYT,3,Live Phone,Arizona,2024-08-08,8/15/24,677,42,REP,Trump
1424,Siena/NYT,3,Live Phone,Arizona,2024-08-08,8/15/24,677,47,DEM,Harris
1424,Siena/NYT,3,Live Phone,Arizona,2024-08-08,8/15/24,677,43,REP,Trump
1102,Emerson,2.9,IVR/Online Panel/Text-to-Web,Pennsylvania,2024-08-13,8/14/24,1000,49.3,DEM,Harris
1102,Emerson,2.9,IVR/Online Panel/Text-to-Web,Pennsylvania,2024-08-13,8/14/24,1000,50.7,REP,Trump
1102,Emerson,2.9,IVR/Online Panel/Text-to-Web,Pennsylvania,2024-08-13,8/14/24,1000,46.8,DEM,Harris
1102,Emerson,2.9,IVR/Online Panel/Text-to-Web,Pennsylvania,2024-08-13,8/14/24,1000,47.4,REP,Trump
1102,Emerson,2.9,IVR/Online Panel/Text-to-Web,,2024-08-12,8/14/24,1000,52.3,DEM,Harris
1102,Emerson,2.9,IVR/Online Panel/Text-to-Web,,2024-08-12,8/14/24,1000,47.7,REP,Trump
1102,Emerson,2.9,IVR/Online Panel/Text-to-Web,,2024-08-12,8/14/24,1000,48.3,DEM,Harris
1102,Emerson,2.9,IVR/Online Panel/Text-to-Web,,2024-08-12,8/14/24,1000,43.5,REP,Trump
1424,Siena/NYT,3,Live Phone,North Carolina,2024-08-09,8/14/24,655,49,DEM,Harris
1424,Siena/NYT,3,Live Phone,North Carolina,2024-08-09,8/14/24,655,46,REP,Trump
1424,Siena/NYT,3,Live Phone,North Carolina,2024-08-09,8/14/24,655,49,DEM,Harris
1424,Siena/NYT,3,Live Phone,North Carolina,2024-08-09,8/14/24,655,47,REP,Trump
1424,Siena/NYT,3,Live Phone,North Carolina,2024-08-09,8/14/24,655,45,DEM,Harris
1424,Siena/NYT,3,Live Phone,North Carolina,2024-08-09,8/14/24,655,42,REP,Trump
1424,Siena/NYT,3,Live Phone,North Carolina,2024-08-09,8/14/24,655,46,DEM,Harris
1424,Siena/NYT,3,Live Phone,North Carolina,2024-08-09,8/14/24,655,44,REP,Trump
1424,Siena/NYT,3,Live Phone,Georgia,2024-08-09,8/14/24,661,44,DEM,Harris
1424,Siena/NYT,3,Live Phone,Georgia,2024-08-09,8/14/24,661,51,REP,Trump
1424,Siena/NYT,3,Live Phone,Georgia,2024-08-09,8/14/24,661,46,DEM,Harris
1424,Siena/NYT,3,Live Phone,Georgia,2024-08-09,8/14/24,661,50,REP,Trump
1424,Siena/NYT,3,Live Phone,Georgia,2024-08-09,8/14/24,661,41,DEM,Harris
1424,Siena/NYT,3,Live Phone,Georgia,2024-08-09,8/14/24,661,47,REP,Trump
1424,Siena/NYT,3,Live Phone,Georgia,2024-08-09,8/14/24,661,44,DEM,Harris
1424,Siena/NYT,3,Live Phone,Georgia,2024-08-09,8/14/24,661,47,REP,Trump
568,YouGov,3,Online Panel,,2024-08-11,8/13/24,1407,46,DEM,Harris
568,YouGov,3,Online Panel,,2024-08-11,8/13/24,1407,44,REP,Trump
241,Ipsos,2.8,Probability Panel,,2024-08-09,8/13/24,2336,50,DEM,Harris
241,Ipsos,2.8,Probability Panel,,2024-08-09,8/13/24,2336,45,REP,Trump
241,Ipsos,2.8,Probability Panel,,2024-08-09,8/13/24,1975,49,DEM,Harris
241,Ipsos,2.8,Probability Panel,,2024-08-09,8/13/24,1975,45,REP,Trump
241,Ipsos,2.8,Probability Panel,,2024-08-09,8/13/24,1505,51,DEM,Harris
241,Ipsos,2.8,Probability Panel,,2024-08-09,8/13/24,1505,45,REP,Trump
241,Ipsos,2.8,Probability Panel,,2024-08-09,8/13/24,2336,47,DEM,Harris
241,Ipsos,2.8,Probability Panel,,2024-08-09,8/13/24,2336,44,REP,Trump
241,Ipsos,2.8,Probability Panel,,2024-08-09,8/13/24,1975,47,DEM,Harris
241,Ipsos,2.8,Probability Panel,,2024-08-09,8/13/24,1975,44,REP,Trump
1597,Beacon/Shaw,2.8,Live Phone,,2024-08-09,8/12/24,1105,45,DEM,Harris
1597,Beacon/Shaw,2.8,Live Phone,,2024-08-09,8/12/24,1105,45,REP,Trump
1597,Beacon/Shaw,2.8,Live Phone,,2024-08-09,8/12/24,1105,49,DEM,Harris
1597,Beacon/Shaw,2.8,Live Phone,,2024-08-09,8/12/24,1105,50,REP,Trump
396,Quinnipiac,2.8,Live Phone,Pennsylvania,2024-08-08,8/12/24,1738,48,DEM,Harris
396,Quinnipiac,2.8,Live Phone,Pennsylvania,2024-08-08,8/12/24,1738,45,REP,Trump
396,Quinnipiac,2.8,Live Phone,Pennsylvania,2024-08-08,8/12/24,1738,50,DEM,Harris
396,Quinnipiac,2.8,Live Phone,Pennsylvania,2024-08-08,8/12/24,1738,47,REP,Trump
458,Suffolk,2.9,Live Phone,Florida,2024-08-07,8/11/24,500,41.8,DEM,Harris
458,Suffolk,2.9,Live Phone,Florida,2024-08-07,8/11/24,500,46.8,REP,Trump
1424,Siena/NYT,3,Live Phone,Pennsylvania,2024-08-06,8/9/24,693,49,DEM,Harris
1424,Siena/NYT,3,Live Phone,Pennsylvania,2024-08-06,8/9/24,693,46,REP,Trump
1424,Siena/NYT,3,Live Phone,Pennsylvania,2024-08-06,8/9/24,693,50,DEM,Harris
1424,Siena/NYT,3,Live Phone,Pennsylvania,2024-08-06,8/9/24,693,46,REP,Trump
1424,Siena/NYT,3,Live Phone,Pennsylvania,2024-08-06,8/9/24,693,45,DEM,Harris
1424,Siena/NYT,3,Live Phone,Pennsylvania,2024-08-06,8/9/24,693,43,REP,Trump
1424,Siena/NYT,3,Live Phone,Pennsylvania,2024-08-06,8/9/24,693,46,DEM,Harris
1424,Siena/NYT,3,Live Phone,Pennsylvania,2024-08-06,8/9/24,693,44,REP,Trump
1492,YouGov Blue,3,Online Panel,North Carolina,2024-08-05,8/9/24,802,46,DEM,Harris
1492,YouGov Blue,3,Online Panel,North Carolina,2024-08-05,8/9/24,802,46,REP,Trump
1424,Siena/NYT,3,Live Phone,Michigan,2024-08-05,8/8/24,619,45,DEM,Harris
1424,Siena/NYT,3,Live Phone,Michigan,2024-08-05,8/8/24,619,48,REP,Trump
1424,Siena/NYT,3,Live Phone,Michigan,2024-08-05,8/8/24,619,50,DEM,Harris
1424,Siena/NYT,3,Live Phone,Michigan,2024-08-05,8/8/24,619,46,REP,Trump
1424,Siena/NYT,3,Live Phone,Michigan,2024-08-05,8/8/24,619,44,DEM,Harris
1424,Siena/NYT,3,Live Phone,Michigan,2024-08-05,8/8/24,619,43,REP,Trump
1424,Siena/NYT,3,Live Phone,Michigan,2024-08-05,8/8/24,619,48,DEM,Harris
1424,Siena/NYT,3,Live Phone,Michigan,2024-08-05,8/8/24,619,43,REP,Trump
1424,Siena/NYT,3,Live Phone,Wisconsin,2024-08-05,8/8/24,661,50,DEM,Harris
1424,Siena/NYT,3,Live Phone,Wisconsin,2024-08-05,8/8/24,661,46,REP,Trump
1424,Siena/NYT,3,Live Phone,Wisconsin,2024-08-05,8/8/24,661,50,DEM,Harris
1424,Siena/NYT,3,Live Phone,Wisconsin,2024-08-05,8/8/24,661,46,REP,Trump
1424,Siena/NYT,3,Live Phone,Wisconsin,2024-08-05,8/8/24,661,49,DEM,Harris
1424,Siena/NYT,3,Live Phone,Wisconsin,2024-08-05,8/8/24,661,42,REP,Trump
1424,Siena/NYT,3,Live Phone,Wisconsin,2024-08-05,8/8/24,661,49,DEM,Harris
1424,Siena/NYT,3,Live Phone,Wisconsin,2024-08-05,8/8/24,661,43,REP,Trump
241,Ipsos,2.8,Probability Panel,,2024-08-02,8/7/24,1342,42,DEM,Harris
241,Ipsos,2.8,Probability Panel,,2024-08-02,8/7/24,1342,37,REP,Trump
241,Ipsos,2.8,Probability Panel,,2024-08-02,8/7/24,1342,49,DEM,Harris
241,Ipsos,2.8,Probability Panel,,2024-08-02,8/7/24,1342,47,REP,Trump
1102,Emerson,2.9,Online Panel/Text-to-Web,Montana,2024-08-05,8/6/24,1000,42.5,DEM,Harris
1102,Emerson,2.9,Online Panel/Text-to-Web,Montana,2024-08-05,8/6/24,1000,57.5,REP,Trump
1102,Emerson,2.9,Online Panel/Text-to-Web,Montana,2024-08-05,8/6/24,1000,39,DEM,Harris
1102,Emerson,2.9,Online Panel/Text-to-Web,Montana,2024-08-05,8/6/24,1000,53.5,REP,Trump
568,YouGov,3,Online Panel,,2024-08-04,8/6/24,1413,45,DEM,Harris
568,YouGov,3,Online Panel,,2024-08-04,8/6/24,1413,43,REP,Trump
460,SurveyUSA,2.8,Online Panel,,2024-08-02,8/5/24,1510,48,DEM,Harris
460,SurveyUSA,2.8,Online Panel,,2024-08-02,8/5/24,1510,45,REP,Trump
1205,Marist,2.9,Live Phone/Online Panel/Text-to-Web,,2024-08-01,8/4/24,1513,51,DEM,Harris
1205,Marist,2.9,Live Phone/Online Panel/Text-to-Web,,2024-08-01,8/4/24,1513,48,REP,Trump
1205,Marist,2.9,Live Phone/Online Panel/Text-to-Web,,2024-08-01,8/4/24,1513,48,DEM,Harris
1205,Marist,2.9,Live Phone/Online Panel/Text-to-Web,,2024-08-01,8/4/24,1513,45,REP,Trump
568,YouGov,3,Online Panel,,2024-07-30,8/2/24,3092,50,DEM,Harris
568,YouGov,3,Online Panel,,2024-07-30,8/2/24,3092,49,REP,Trump
568,YouGov,3,Online Panel,,2024-07-30,8/2/24,3092,49,DEM,Harris
568,YouGov,3,Online Panel,,2024-07-30,8/2/24,3092,47,REP,Trump
1075,Marquette Law School,3,Live Phone/Email,Wisconsin,2024-07-24,8/1/24,877,49,DEM,Harris
1075,Marquette Law School,3,Live Phone/Email,Wisconsin,2024-07-24,8/1/24,877,50,REP,Trump
1075,Marquette Law School,3,Live Phone/Email,Wisconsin,2024-07-24,8/1/24,801,50,DEM,Harris
1075,Marquette Law School,3,Live Phone/Email,Wisconsin,2024-07-24,8/1/24,801,49,REP,Trump
1075,Marquette Law School,3,Live Phone/Email,Wisconsin,2024-07-24,8/1/24,877,45,DEM,Harris
1075,Marquette Law School,3,Live Phone/Email,Wisconsin,2024-07-24,8/1/24,877,43,REP,Trump
1075,Marquette Law School,3,Live Phone/Email,Wisconsin,2024-07-24,8/1/24,801,46,DEM,Harris
1075,Marquette Law School,3,Live Phone/Email,Wisconsin,2024-07-24,8/1/24,801,45,REP,Trump
1075,Marquette Law School,3,Probability Panel,,2024-07-24,8/1/24,879,52,DEM,Harris
1075,Marquette Law School,3,Probability Panel,,2024-07-24,8/1/24,879,48,REP,Trump
1075,Marquette Law School,3,Probability Panel,,2024-07-24,8/1/24,683,53,DEM,Harris
1075,Marquette Law School,3,Probability Panel,,2024-07-24,8/1/24,683,47,REP,Trump
1075,Marquette Law School,3,Probability Panel,,2024-07-24,8/1/24,879,47,DEM,Harris
1075,Marquette Law School,3,Probability Panel,,2024-07-24,8/1/24,879,41,REP,Trump
1075,Marquette Law School,3,Probability Panel,,2024-07-24,8/1/24,683,50,DEM,Harris
1075,Marquette Law School,3,Probability Panel,,2024-07-24,8/1/24,683,42,REP,Trump
568,YouGov,3,Online Panel,,2024-07-27,7/30/24,1434,46,DEM,Harris
568,YouGov,3,Online Panel,,2024-07-27,7/30/24,1434,44,REP,Trump
241,Ipsos,2.8,Probability Panel,,2024-07-26,7/28/24,876,43,DEM,Harris
241,Ipsos,2.8,Probability Panel,,2024-07-26,7/28/24,876,42,REP,Trump
1102,Emerson,2.9,Online Panel/Text-to-Web,New Hampshire,2024-07-26,7/28/24,1000,52.4,DEM,Harris
1102,Emerson,2.9,Online Panel/Text-to-Web,New Hampshire,2024-07-26,7/28/24,1000,47.6,REP,Trump
1102,Emerson,2.9,Online Panel/Text-to-Web,New Hampshire,2024-07-26,7/28/24,1000,47.7,DEM,Harris
1102,Emerson,2.9,Online Panel/Text-to-Web,New Hampshire,2024-07-26,7/28/24,1000,41.4,REP,Trump
509,U. North Florida,2.8,Live Phone/Text-to-Web,Florida,2024-07-24,7/27/24,774,42,DEM,Harris
509,U. North Florida,2.8,Live Phone/Text-to-Web,Florida,2024-07-24,7/27/24,774,49,REP,Trump
241,Ipsos,2.8,Probability Panel,,2024-07-24,7/25/24,1238,38,DEM,Harris
241,Ipsos,2.8,Probability Panel,,2024-07-24,7/25/24,1238,38,REP,Trump
460,SurveyUSA,2.8,Online Panel,Minnesota,2024-07-23,7/25/24,656,50,DEM,Harris
460,SurveyUSA,2.8,Online Panel,Minnesota,2024-07-23,7/25/24,656,40,REP,Trump
1424,Siena/NYT,3,Live Phone,,2024-07-22,7/24/24,1142,46,DEM,Harris
1424,Siena/NYT,3,Live Phone,,2024-07-22,7/24/24,1142,48,REP,Trump
1424,Siena/NYT,3,Live Phone,,2024-07-22,7/24/24,1142,47,DEM,Harris
1424,Siena/NYT,3,Live Phone,,2024-07-22,7/24/24,1142,48,REP,Trump
1424,Siena/NYT,3,Live Phone,,2024-07-22,7/24/24,1142,42,DEM,Harris
1424,Siena/NYT,3,Live Phone,,2024-07-22,7/24/24,1142,42,REP,Trump
1424,Siena/NYT,3,Live Phone,,2024-07-22,7/24/24,1142,44,DEM,Harris
1424,Siena/NYT,3,Live Phone,,2024-07-22,7/24/24,1142,43,REP,Trump
1597,Beacon/Shaw,2.8,Live Phone/Text-to-Web,Wisconsin,2024-07-22,7/24/24,1046,46,DEM,Harris
1597,Beacon/Shaw,2.8,Live Phone/Text-to-Web,Wisconsin,2024-07-22,7/24/24,1046,46,REP,Trump
1597,Beacon/Shaw,2.8,Live Phone/Text-to-Web,Wisconsin,2024-07-22,7/24/24,1046,49,DEM,Harris
1597,Beacon/Shaw,2.8,Live Phone/Text-to-Web,Wisconsin,2024-07-22,7/24/24,1046,50,REP,Trump
1597,Beacon/Shaw,2.8,Live Phone/Text-to-Web,Wisconsin,2024-07-22,7/24/24,1046,50,REP,Trump
1597,Beacon/Shaw,2.8,Live Phone/Text-to-Web,Wisconsin,2024-07-22,7/24/24,1046,49,REP,Trump
1597,Beacon/Shaw,2.8,Live Phone/Text-to-Web,Pennsylvania,2024-07-22,7/24/24,1034,45,DEM,Harris
1597,Beacon/Shaw,2.8,Live Phone/Text-to-Web,Pennsylvania,2024-07-22,7/24/24,1034,43,REP,Trump
1597,Beacon/Shaw,2.8,Live Phone/Text-to-Web,Pennsylvania,2024-07-22,7/24/24,1034,49,DEM,Harris
1597,Beacon/Shaw,2.8,Live Phone/Text-to-Web,Pennsylvania,2024-07-22,7/24/24,1034,49,REP,Trump
1597,Beacon/Shaw,2.8,Live Phone/Text-to-Web,Pennsylvania,2024-07-22,7/24/24,1034,49,REP,Trump
1597,Beacon/Shaw,2.8,Live Phone/Text-to-Web,Pennsylvania,2024-07-22,7/24/24,1034,44,REP,Trump
1597,Beacon/Shaw,2.8,Live Phone/Text-to-Web,Minnesota,2024-07-22,7/24/24,1071,47,DEM,Harris
1597,Beacon/Shaw,2.8,Live Phone/Text-to-Web,Minnesota,2024-07-22,7/24/24,1071,41,REP,Trump
1597,Beacon/Shaw,2.8,Live Phone/Text-to-Web,Minnesota,2024-07-22,7/24/24,1071,52,DEM,Harris
1597,Beacon/Shaw,2.8,Live Phone/Text-to-Web,Minnesota,2024-07-22,7/24/24,1071,46,REP,Trump
1597,Beacon/Shaw,2.8,Live Phone/Text-to-Web,Minnesota,2024-07-22,7/24/24,1071,46,REP,Trump
1597,Beacon/Shaw,2.8,Live Phone/Text-to-Web,Minnesota,2024-07-22,7/24/24,1071,45,REP,Trump
1597,Beacon/Shaw,2.8,Live Phone/Text-to-Web,Michigan,2024-07-22,7/24/24,1012,43,DEM,Harris
1597,Beacon/Shaw,2.8,Live Phone/Text-to-Web,Michigan,2024-07-22,7/24/24,1012,45,REP,Trump
1597,Beacon/Shaw,2.8,Live Phone/Text-to-Web,Michigan,2024-07-22,7/24/24,1012,49,DEM,Harris
1597,Beacon/Shaw,2.8,Live Phone/Text-to-Web,Michigan,2024-07-22,7/24/24,1012,49,REP,Trump
1597,Beacon/Shaw,2.8,Live Phone/Text-to-Web,Michigan,2024-07-22,7/24/24,1012,46,REP,Trump
1597,Beacon/Shaw,2.8,Live Phone/Text-to-Web,Michigan,2024-07-22,7/24/24,1012,48,REP,Trump
241,Ipsos,2.8,Probability Panel,,2024-07-22,7/23/24,1241,39,DEM,Harris
241,Ipsos,2.8,Probability Panel,,2024-07-22,7/23/24,1241,39,REP,Trump
241,Ipsos,2.8,Probability Panel,,2024-07-22,7/23/24,1018,44,DEM,Harris
241,Ipsos,2.8,Probability Panel,,2024-07-22,7/23/24,1018,42,REP,Trump
241,Ipsos,2.8,Probability Panel,,2024-07-22,7/23/24,1241,37,DEM,Harris
241,Ipsos,2.8,Probability Panel,,2024-07-22,7/23/24,1241,34,REP,Trump
241,Ipsos,2.8,Probability Panel,,2024-07-22,7/23/24,1018,42,DEM,Harris
241,Ipsos,2.8,Probability Panel,,2024-07-22,7/23/24,1018,38,REP,Trump
1102,Emerson,2.9,IVR/Online Panel/Text-to-Web,Arizona,2024-07-22,7/23/24,800,47.4,DEM,Harris
1102,Emerson,2.9,IVR/Online Panel/Text-to-Web,Arizona,2024-07-22,7/23/24,800,52.6,REP,Trump
1102,Emerson,2.9,IVR/Online Panel/Text-to-Web,Arizona,2024-07-22,7/23/24,800,39.8,DEM,Harris
1102,Emerson,2.9,IVR/Online Panel/Text-to-Web,Arizona,2024-07-22,7/23/24,800,47.5,REP,Trump
1102,Emerson,2.9,IVR/Online Panel/Text-to-Web,Georgia,2024-07-22,7/23/24,800,48.9,DEM,Harris
1102,Emerson,2.9,IVR/Online Panel/Text-to-Web,Georgia,2024-07-22,7/23/24,800,51.1,REP,Trump
1102,Emerson,2.9,IVR/Online Panel/Text-to-Web,Georgia,2024-07-22,7/23/24,800,43.3,DEM,Harris
1102,Emerson,2.9,IVR/Online Panel/Text-to-Web,Georgia,2024-07-22,7/23/24,800,45.9,REP,Trump
1102,Emerson,2.9,IVR/Online Panel/Text-to-Web,Michigan,2024-07-22,7/23/24,800,49.1,DEM,Harris
1102,Emerson,2.9,IVR/Online Panel/Text-to-Web,Michigan,2024-07-22,7/23/24,800,50.9,REP,Trump
1102,Emerson,2.9,IVR/Online Panel/Text-to-Web,Michigan,2024-07-22,7/23/24,800,43.8,DEM,Harris
1102,Emerson,2.9,IVR/Online Panel/Text-to-Web,Michigan,2024-07-22,7/23/24,800,44.1,REP,Trump
1102,Emerson,2.9,IVR/Online Panel/Text-to-Web,Wisconsin,2024-07-22,7/23/24,845,50.6,DEM,Harris
1102,Emerson,2.9,IVR/Online Panel/Text-to-Web,Wisconsin,2024-07-22,7/23/24,845,49.4,REP,Trump
1102,Emerson,2.9,IVR/Online Panel/Text-to-Web,Wisconsin,2024-07-22,7/23/24,845,45.4,DEM,Harris
1102,Emerson,2.9,IVR/Online Panel/Text-to-Web,Wisconsin,2024-07-22,7/23/24,845,44.9,REP,Trump
1102,Emerson,2.9,IVR/Online Panel/Text-to-Web,Pennsylvania,2024-07-22,7/23/24,850,48.9,DEM,Harris
1102,Emerson,2.9,IVR/Online Panel/Text-to-Web,Pennsylvania,2024-07-22,7/23/24,850,51.1,REP,Trump
1102,Emerson,2.9,IVR/Online Panel/Text-to-Web,Pennsylvania,2024-07-22,7/23/24,850,44.3,DEM,Harris
1102,Emerson,2.9,IVR/Online Panel/Text-to-Web,Pennsylvania,2024-07-22,7/23/24,850,46.1,REP,Trump
568,YouGov,3,Online Panel,,2024-07-22,7/23/24,1155,44,DEM,Harris
568,YouGov,3,Online Panel,,2024-07-22,7/23/24,1155,46,REP,Trump
568,YouGov,3,Online Panel,,2024-07-21,7/23/24,1435,41,DEM,Harris
568,YouGov,3,Online Panel,,2024-07-21,7/23/24,1435,44,REP,Trump
1205,Marist,2.9,Online Panel,,2024-07-22,7/22/24,1117,45,DEM,Harris
1205,Marist,2.9,Online Panel,,2024-07-22,7/22/24,1117,46,REP,Trump
1205,Marist,2.9,Online Panel,,2024-07-22,7/22/24,1117,42,DEM,Harris
1205,Marist,2.9,Online Panel,,2024-07-22,7/22/24,1117,42,REP,Trump
